team,player,minute,x_start,y_start,x_end,y_end
France,Antoine Griezmann,0,61.0,40.1,48.0,43.2
France,Aurélien Djani Tchouaméni,0,49.7,43.6,96.0,1.8
Argentina,Nahuel Molina Lucero,0,22.7,80.0,36.0,75.2
Argentina,Rodrigo Javier De Paul,0,41.1,73.9,23.2,62.8
Argentina,Cristian Gabriel Romero,0,24.7,59.4,21.5,32.2
Argentina,Nicolás Hernán Otamendi,0,24.0,27.1,21.7,49.3
Argentina,Cristian Gabriel Romero,0,22.1,49.8,24.0,27.3
Argentina,Nicolás Hernán Otamendi,0,21.7,24.5,26.6,3.1
Argentina,Nicolás Alejandro Tagliafico,0,29.2,2.5,45.6,4.2
Argentina,Nicolás Alejandro Tagliafico,1,44.1,3.8,20.8,11.9
Argentina,Nicolás Hernán Otamendi,1,21.7,17.7,19.7,33.3
Argentina,Cristian Gabriel Romero,1,30.9,42.5,27.9,22.6
Argentina,Nicolás Hernán Otamendi,1,29.8,29.2,27.0,45.9
Argentina,Cristian Gabriel Romero,1,32.1,54.5,25.9,31.6
Argentina,Nicolás Hernán Otamendi,1,24.7,29.0,5.6,42.3
Argentina,Damián Emiliano Martínez,1,3.9,43.4,53.1,72.9
France,Theo Bernard François Hernández,1,68.5,5.7,72.1,13.4
France,Adrien Rabiot,1,72.3,13.4,73.6,4.7
France,Theo Bernard François Hernández,1,73.2,4.0,47.1,7.4
France,Theo Bernard François Hernández,1,61.2,7.0,44.1,37.4
France,Raphaël Varane,2,53.1,44.9,45.2,67.1
France,Jules Koundé,2,43.2,70.3,58.2,77.4
Argentina,Nicolás Alejandro Tagliafico,2,72.6,0.1,69.6,7.6
Argentina,Alexis Mac Allister,2,67.4,20.7,77.5,36.9
Argentina,Lionel Andrés Messi Cuccittini,2,76.6,35.7,116.2,8.9
Argentina,Ángel Fabián Di María Hernández,2,116.0,8.9,104.9,49.3
Argentina,Rodrigo Javier De Paul,2,93.1,53.2,100.4,57.7
Argentina,Lionel Andrés Messi Cuccittini,2,99.3,57.3,96.7,49.8
Argentina,Rodrigo Javier De Paul,2,96.7,49.8,110.9,44.6
France,Hugo Lloris,3,9.2,35.5,67.8,60.7
France,Olivier Giroud,3,67.8,60.7,75.5,63.3
Argentina,Alexis Mac Allister,3,48.9,15.4,39.2,16.6
Argentina,Nicolás Hernán Otamendi,3,37.4,19.2,26.0,29.3
Argentina,Cristian Gabriel Romero,3,27.4,29.9,64.2,43.6
Argentina,Rodrigo Javier De Paul,3,64.2,43.6,57.2,26.7
Argentina,Nicolás Hernán Otamendi,3,57.2,26.7,54.4,37.8
Argentina,Enzo Fernandez,3,54.8,37.8,56.5,60.5
Argentina,Cristian Gabriel Romero,3,56.1,61.3,67.9,73.5
Argentina,Nahuel Molina Lucero,3,68.9,74.4,79.0,59.8
France,Adrien Rabiot,3,47.5,14.5,50.5,20.7
Argentina,Lionel Andrés Messi Cuccittini,3,67.9,59.0,49.0,60.3
Argentina,Cristian Gabriel Romero,3,50.5,58.1,89.3,3.6
Argentina,Ángel Fabián Di María Hernández,4,89.5,3.4,82.4,7.4
Argentina,Nicolás Alejandro Tagliafico,4,82.4,7.4,96.1,14.3
Argentina,Alexis Mac Allister,4,96.1,14.3,106.4,3.1
Argentina,Nicolás Alejandro Tagliafico,4,108.9,0.1,93.1,5.7
Argentina,Alexis Mac Allister,4,87.8,7.6,82.6,35.0
France,Kylian Mbappé Lottin,4,38.8,46.8,32.1,30.5
France,Adrien Rabiot,4,31.3,28.2,33.4,7.9
France,Theo Bernard François Hernández,4,33.6,7.9,38.3,14.9
Argentina,Lionel Andrés Messi Cuccittini,4,81.8,65.2,70.2,67.7
Argentina,Rodrigo Javier De Paul,4,84.6,49.8,103.6,15.5
France,Jules Koundé,4,16.5,64.6,28.3,71.4
France,Ousmane Dembélé,4,28.3,71.4,17.2,77.2
France,Jules Koundé,4,17.2,77.2,27.2,68.4
France,Antoine Griezmann,4,27.6,68.2,21.4,60.3
Argentina,Julián Álvarez,4,98.7,19.8,92.3,21.5
France,Hugo Lloris,4,8.8,41.9,76.0,42.1
Argentina,Enzo Fernandez,4,56.5,39.7,66.4,42.9
France,Adrien Rabiot,4,53.1,36.3,41.3,35.7
France,Dayotchanculle Upamecano,4,41.5,35.7,58.7,7.4
France,Theo Bernard François Hernández,5,61.6,7.7,69.3,5.3
France,Kylian Mbappé Lottin,5,68.7,5.9,56.1,10.2
France,Theo Bernard François Hernández,5,55.7,10.2,41.3,16.2
France,Dayotchanculle Upamecano,5,36.8,21.3,41.1,38.2
France,Aurélien Djani Tchouaméni,5,43.9,51.3,66.8,60.1
France,Jules Koundé,5,56.7,76.7,21.9,51.3
France,Hugo Lloris,5,19.9,51.1,27.2,56.6
France,Raphaël Varane,5,39.4,51.9,42.2,25.2
France,Dayotchanculle Upamecano,5,44.3,23.3,69.3,5.1
France,Theo Bernard François Hernández,5,46.5,34.4,40.7,54.7
France,Jules Koundé,5,37.9,54.7,34.5,34.8
France,Raphaël Varane,5,36.8,36.7,45.8,32.3
France,Adrien Rabiot,5,53.3,33.3,51.6,62.4
France,Ousmane Dembélé,6,64.6,76.1,44.1,71.4
France,Jules Koundé,6,42.4,66.0,33.2,55.6
France,Raphaël Varane,6,33.6,32.7,39.4,26.9
France,Dayotchanculle Upamecano,6,46.7,22.6,54.6,39.1
France,Raphaël Varane,6,46.0,48.7,39.6,25.4
France,Dayotchanculle Upamecano,6,39.6,25.2,33.8,36.5
France,Raphaël Varane,6,25.3,51.5,23.1,26.7
France,Dayotchanculle Upamecano,6,23.6,27.3,50.9,64.1
France,Ousmane Dembélé,6,52.2,66.7,45.8,60.5
France,Antoine Griezmann,6,51.8,59.0,51.2,45.5
France,Aurélien Djani Tchouaméni,6,63.8,13.0,61.0,5.1
France,Adrien Rabiot,6,52.9,6.6,53.5,19.2
France,Aurélien Djani Tchouaméni,6,50.9,26.0,46.0,49.4
France,Raphaël Varane,7,67.0,51.1,99.9,8.9
Argentina,Rodrigo Javier De Paul,7,20.2,71.2,16.1,60.3
Argentina,Nahuel Molina Lucero,7,16.3,60.3,47.1,63.9
Argentina,Enzo Fernandez,7,34.3,50.2,38.8,53.4
Argentina,Lionel Andrés Messi Cuccittini,7,39.2,48.1,65.3,35.4
Argentina,Alexis Mac Allister,7,75.8,26.9,94.2,14.1
Argentina,Ángel Fabián Di María Hernández,7,98.5,10.2,92.9,11.3
Argentina,Alexis Mac Allister,7,89.5,12.3,84.1,21.3
Argentina,Enzo Fernandez,7,88.0,23.9,93.7,20.3
Argentina,Julián Álvarez,7,110.6,17.9,106.4,12.3
Argentina,Ángel Fabián Di María Hernández,7,115.1,21.3,98.7,51.7
Argentina,Lionel Andrés Messi Cuccittini,8,120.0,80.0,116.6,54.5
Argentina,Rodrigo Javier De Paul,8,95.2,65.6,107.9,72.9
Argentina,Lionel Andrés Messi Cuccittini,8,108.2,74.4,86.3,67.5
Argentina,Rodrigo Javier De Paul,8,87.7,67.7,108.7,41.5
France,Hugo Lloris,11,9.0,38.2,80.5,56.0
France,Olivier Giroud,11,74.3,58.3,88.2,63.5
Argentina,Nicolás Alejandro Tagliafico,11,31.9,16.6,51.6,26.5
France,Adrien Rabiot,11,68.5,53.6,79.2,62.8
France,Antoine Griezmann,11,78.5,63.3,82.6,57.3
France,Olivier Giroud,11,79.8,58.1,84.5,49.4
Argentina,Cristian Gabriel Romero,11,35.6,33.9,39.4,30.5
Argentina,Rodrigo Javier De Paul,11,31.5,28.8,42.0,22.2
Argentina,Alexis Mac Allister,11,41.8,22.0,44.8,3.6
Argentina,Ángel Fabián Di María Hernández,11,43.9,2.7,31.1,5.3
Argentina,Nicolás Alejandro Tagliafico,11,31.1,5.3,18.7,14.1
Argentina,Nicolás Hernán Otamendi,11,18.0,14.7,6.0,33.5
Argentina,Damián Emiliano Martínez,11,6.5,41.6,10.1,48.9
Argentina,Cristian Gabriel Romero,11,9.3,48.9,27.9,48.1
Argentina,Enzo Fernandez,11,33.9,51.1,112.1,58.1
France,Raphaël Varane,11,8.0,22.0,2.6,29.0
France,Hugo Lloris,11,3.3,29.7,53.1,19.2
Argentina,Nahuel Molina Lucero,11,67.0,60.9,64.7,49.3
Argentina,Enzo Fernandez,11,68.3,51.1,76.9,63.9
Argentina,Rodrigo Javier De Paul,11,79.8,70.1,79.8,54.3
Argentina,Lionel Andrés Messi Cuccittini,11,80.5,47.8,105.1,14.7
Argentina,Ángel Fabián Di María Hernández,11,106.4,16.2,106.4,39.1
Argentina,Ángel Fabián Di María Hernández,12,101.9,13.0,96.7,23.7
Argentina,Rodrigo Javier De Paul,12,96.7,24.7,97.8,33.7
France,Hugo Lloris,12,15.4,36.1,84.7,48.9
Argentina,Nicolás Hernán Otamendi,12,35.4,31.2,74.5,28.6
France,Raphaël Varane,12,45.2,52.4,65.7,71.6
France,Antoine Griezmann,12,66.4,74.4,55.4,77.2
France,Jules Koundé,12,61.2,77.4,74.7,65.6
France,Ousmane Dembélé,12,90.3,66.3,93.3,19.2
France,Theo Bernard François Hernández,13,94.2,17.7,100.6,14.3
France,Kylian Mbappé Lottin,13,99.1,19.2,99.5,28.2
France,Adrien Rabiot,13,99.5,28.2,116.6,29.0
Argentina,Damián Emiliano Martínez,13,4.8,42.3,22.1,24.7
Argentina,Nicolás Hernán Otamendi,13,22.3,23.0,31.3,26.0
Argentina,Enzo Fernandez,13,31.5,26.0,23.6,19.6
Argentina,Nicolás Hernán Otamendi,13,23.4,21.5,14.8,51.3
Argentina,Cristian Gabriel Romero,13,16.5,55.1,57.8,43.8
Argentina,Julián Álvarez,13,57.6,43.6,52.5,56.2
Argentina,Lionel Andrés Messi Cuccittini,13,52.5,56.4,59.5,52.6
Argentina,Julián Álvarez,13,59.5,52.6,56.1,55.5
Argentina,Alexis Mac Allister,13,63.8,33.7,79.2,10.4
Argentina,Ángel Fabián Di María Hernández,13,86.5,22.2,87.1,51.9
Argentina,Lionel Andrés Messi Cuccittini,13,95.2,48.5,104.9,35.2
Argentina,Nicolás Alejandro Tagliafico,13,94.8,20.5,109.1,21.5
France,Hugo Lloris,14,13.9,48.5,76.2,64.6
France,Olivier Giroud,14,76.6,64.8,89.0,74.4
France,Ousmane Dembélé,14,89.5,75.9,80.0,74.4
France,Olivier Giroud,14,79.8,74.4,80.9,62.6
Argentina,Julián Álvarez,14,46.7,24.5,45.6,35.2
Argentina,Rodrigo Javier De Paul,14,52.7,39.9,62.9,23.5
Argentina,Alexis Mac Allister,14,64.4,20.7,75.6,9.6
Argentina,Ángel Fabián Di María Hernández,14,76.4,6.8,55.7,4.9
Argentina,Nicolás Alejandro Tagliafico,14,53.7,4.0,62.9,13.6
Argentina,Alexis Mac Allister,14,63.2,17.3,56.1,33.5
Argentina,Enzo Fernandez,14,55.2,37.6,66.8,71.4
Argentina,Nahuel Molina Lucero,14,68.1,72.4,47.3,61.8
Argentina,Cristian Gabriel Romero,14,47.3,57.5,51.2,25.6
Argentina,Nicolás Hernán Otamendi,15,62.3,20.9,77.3,3.1
Argentina,Ángel Fabián Di María Hernández,15,76.2,2.3,62.5,5.3
Argentina,Nicolás Alejandro Tagliafico,15,62.3,5.7,57.2,17.7
Argentina,Enzo Fernandez,15,57.6,17.7,47.3,22.0
Argentina,Nicolás Hernán Otamendi,15,46.9,23.0,48.4,27.1
Argentina,Enzo Fernandez,15,47.8,28.4,42.4,47.0
Argentina,Cristian Gabriel Romero,15,52.9,53.2,68.3,3.4
Argentina,Ángel Fabián Di María Hernández,15,68.3,3.4,56.3,12.8
Argentina,Nicolás Hernán Otamendi,15,54.2,17.0,91.8,78.6
France,Theo Bernard François Hernández,15,19.1,0.1,22.7,7.7
France,Adrien Rabiot,15,27.6,5.9,19.7,17.1
France,Dayotchanculle Upamecano,15,19.1,23.5,19.7,41.9
France,Raphaël Varane,15,39.8,57.7,33.0,71.6
France,Jules Koundé,16,33.4,69.0,24.2,32.5
France,Dayotchanculle Upamecano,16,27.0,31.8,45.2,6.4
France,Theo Bernard François Hernández,16,41.8,4.7,45.4,8.1
Argentina,Lionel Andrés Messi Cuccittini,16,89.3,58.8,110.2,56.8
Argentina,Rodrigo Javier De Paul,16,110.2,56.8,106.4,45.5
France,Hugo Lloris,16,7.0,44.1,65.1,61.6
Argentina,Alexis Mac Allister,16,55.0,18.5,82.4,27.1
France,Raphaël Varane,16,27.4,54.3,26.6,38.9
France,Dayotchanculle Upamecano,17,26.6,38.7,28.1,54.1
France,Raphaël Varane,17,38.5,59.8,63.8,77.4
France,Ousmane Dembélé,17,68.7,65.0,62.7,51.9
France,Adrien Rabiot,17,56.7,47.4,70.8,8.5
France,Theo Bernard François Hernández,17,73.2,8.5,83.7,4.9
France,Kylian Mbappé Lottin,17,81.8,5.1,68.9,7.7
France,Theo Bernard François Hernández,17,57.6,7.4,45.0,14.3
France,Dayotchanculle Upamecano,17,45.0,18.1,42.6,51.9
France,Raphaël Varane,17,57.6,60.1,55.9,74.8
France,Jules Koundé,17,53.7,75.9,68.9,77.0
France,Ousmane Dembélé,17,70.6,77.6,75.8,71.4
France,Jules Koundé,17,75.8,71.4,92.9,77.6
France,Ousmane Dembélé,17,103.1,78.2,105.3,74.8
France,Jules Koundé,17,100.1,80.0,74.5,61.8
France,Raphaël Varane,18,74.9,59.0,69.1,41.9
France,Dayotchanculle Upamecano,18,70.2,34.2,85.2,5.3
France,Theo Bernard François Hernández,18,85.4,5.3,86.7,14.1
France,Kylian Mbappé Lottin,18,86.7,14.1,103.6,7.9
France,Antoine Griezmann,19,112.3,13.4,114.1,43.4
Argentina,Damián Emiliano Martínez,19,4.3,36.3,8.6,47.8
Argentina,Cristian Gabriel Romero,19,14.6,49.1,29.6,47.8
Argentina,Enzo Fernandez,19,31.7,48.5,25.5,24.3
Argentina,Nicolás Hernán Otamendi,19,29.4,22.8,42.4,5.3
Argentina,Nicolás Alejandro Tagliafico,19,42.0,6.1,32.8,17.7
Argentina,Nicolás Hernán Otamendi,19,32.4,20.3,30.0,47.8
Argentina,Cristian Gabriel Romero,19,33.4,51.3,45.4,51.5
Argentina,Rodrigo Javier De Paul,19,45.0,52.3,33.6,54.5
Argentina,Cristian Gabriel Romero,19,33.4,56.8,48.6,74.8
Argentina,Nahuel Molina Lucero,19,50.1,75.2,41.6,62.4
Argentina,Rodrigo Javier De Paul,19,41.3,62.0,40.1,23.7
Argentina,Nicolás Hernán Otamendi,19,61.9,19.8,65.9,1.9
Argentina,Ángel Fabián Di María Hernández,19,65.5,2.5,51.2,14.5
Argentina,Nicolás Hernán Otamendi,20,48.4,14.7,39.2,40.1
Argentina,Cristian Gabriel Romero,20,40.9,47.2,49.9,48.3
Argentina,Rodrigo Javier De Paul,20,49.9,48.3,39.6,47.0
Argentina,Cristian Gabriel Romero,20,39.8,46.6,45.2,26.5
Argentina,Nicolás Hernán Otamendi,20,49.3,22.8,54.8,32.9
Argentina,Enzo Fernandez,20,56.1,33.9,71.1,56.4
Argentina,Lionel Andrés Messi Cuccittini,20,89.5,65.0,99.5,74.6
Argentina,Nahuel Molina Lucero,20,94.4,74.8,74.5,69.7
Argentina,Rodrigo Javier De Paul,20,73.9,68.2,65.9,33.9
Argentina,Nicolás Hernán Otamendi,20,65.9,32.0,74.7,33.3
Argentina,Enzo Fernandez,20,74.7,33.3,64.9,30.9
Argentina,Nicolás Hernán Otamendi,20,64.2,32.2,68.5,23.0
Argentina,Enzo Fernandez,20,68.7,22.6,54.8,41.6
Argentina,Cristian Gabriel Romero,20,54.6,46.1,56.7,64.7
Argentina,Rodrigo Javier De Paul,20,57.0,64.5,69.6,53.8
Argentina,Alexis Mac Allister,20,92.0,35.2,94.2,47.0
Argentina,Julián Álvarez,20,94.2,47.0,112.6,11.5
France,Olivier Giroud,23,61.0,40.1,52.9,38.0
France,Adrien Rabiot,23,55.0,34.2,46.9,44.4
France,Aurélien Djani Tchouaméni,23,44.5,47.7,40.0,62.4
France,Jules Koundé,23,39.0,63.9,33.2,52.6
France,Raphaël Varane,23,34.7,47.2,39.0,7.0
France,Theo Bernard François Hernández,23,38.5,7.4,97.2,9.8
France,Kylian Mbappé Lottin,24,98.0,0.1,87.5,7.7
France,Adrien Rabiot,24,89.7,7.7,96.5,5.1
France,Kylian Mbappé Lottin,24,105.9,5.5,104.6,28.4
Argentina,Cristian Gabriel Romero,24,14.4,53.0,26.6,47.4
Argentina,Julián Álvarez,24,36.9,48.5,32.4,34.4
Argentina,Alexis Mac Allister,24,38.8,29.5,22.5,17.3
Argentina,Nicolás Alejandro Tagliafico,24,22.5,17.0,25.9,14.5
Argentina,Nicolás Alejandro Tagliafico,24,34.9,0.1,50.3,2.9
France,Aurélien Djani Tchouaméni,24,69.8,77.2,73.0,76.7
France,Raphaël Varane,25,48.4,80.0,34.3,66.3
France,Dayotchanculle Upamecano,25,41.3,53.0,45.2,48.5
France,Adrien Rabiot,25,50.3,50.4,48.0,61.8
France,Aurélien Djani Tchouaméni,25,48.0,62.0,66.4,66.0
France,Ousmane Dembélé,25,66.4,66.0,56.7,63.7
Argentina,Julián Álvarez,25,63.4,16.4,55.0,19.0
Argentina,Alexis Mac Allister,25,58.5,17.7,54.4,24.3
Argentina,Enzo Fernandez,25,54.4,24.3,55.0,13.4
Argentina,Nicolás Alejandro Tagliafico,25,55.0,12.8,58.0,2.5
Argentina,Ángel Fabián Di María Hernández,25,45.0,4.0,45.4,10.8
France,Ousmane Dembélé,25,80.3,70.8,88.8,56.2
France,Antoine Griezmann,26,90.1,55.1,106.4,33.5
Argentina,Damián Emiliano Martínez,28,28.3,41.2,88.6,63.9
France,Theo Bernard François Hernández,28,31.5,16.2,45.8,23.3
Argentina,Enzo Fernandez,28,77.9,57.5,81.1,73.9
Argentina,Lionel Andrés Messi Cuccittini,29,120.0,80.0,116.4,43.6
France,Hugo Lloris,29,10.1,9.6,64.4,44.2
France,Jules Koundé,29,64.4,44.2,82.2,55.4
France,Ousmane Dembélé,29,82.4,55.4,75.8,56.2
Argentina,Alexis Mac Allister,29,44.3,23.9,34.7,21.1
Argentina,Nicolás Alejandro Tagliafico,29,34.7,20.5,38.8,26.7
Argentina,Enzo Fernandez,29,39.6,28.0,42.2,53.6
Argentina,Nahuel Molina Lucero,29,63.4,61.8,75.4,38.4
Argentina,Julián Álvarez,29,75.6,38.9,62.5,42.9
Argentina,Lionel Andrés Messi Cuccittini,30,81.8,38.6,91.4,29.2
Argentina,Alexis Mac Allister,30,92.9,27.7,105.1,13.8
Argentina,Ángel Fabián Di María Hernández,30,106.8,12.8,111.1,79.5
France,Theo Bernard François Hernández,30,9.2,0.1,36.2,5.5
France,Olivier Giroud,30,36.2,5.5,42.8,12.1
Argentina,Nahuel Molina Lucero,30,77.3,68.0,88.2,60.0
France,Aurélien Djani Tchouaméni,30,31.9,20.1,42.4,13.9
France,Olivier Giroud,30,42.4,13.9,51.4,16.0
Argentina,Enzo Fernandez,30,64.4,23.9,65.7,5.3
Argentina,Nicolás Alejandro Tagliafico,30,60.8,4.6,32.1,15.1
Argentina,Nicolás Hernán Otamendi,30,23.8,17.7,8.6,36.1
Argentina,Damián Emiliano Martínez,30,7.8,38.2,8.8,54.5
Argentina,Cristian Gabriel Romero,30,19.7,56.4,36.2,51.5
Argentina,Rodrigo Javier De Paul,30,37.9,60.3,45.6,59.4
Argentina,Lionel Andrés Messi Cuccittini,31,45.8,59.4,64.4,73.5
Argentina,Rodrigo Javier De Paul,31,70.0,65.0,68.1,55.5
Argentina,Lionel Andrés Messi Cuccittini,31,68.1,54.5,81.1,29.9
Argentina,Alexis Mac Allister,31,81.8,31.4,80.7,45.1
Argentina,Lionel Andrés Messi Cuccittini,31,92.7,47.6,116.8,7.4
Argentina,Ángel Fabián Di María Hernández,31,107.9,8.3,91.4,11.9
Argentina,Alexis Mac Allister,31,93.1,11.9,87.1,18.8
Argentina,Enzo Fernandez,31,87.1,18.1,90.8,2.5
Argentina,Alexis Mac Allister,31,90.8,2.5,98.5,18.3
Argentina,Nicolás Alejandro Tagliafico,31,100.4,20.5,90.1,20.5
France,Theo Bernard François Hernández,32,18.0,0.1,43.9,8.7
Argentina,Nahuel Molina Lucero,32,76.2,71.4,97.8,68.2
Argentina,Alexis Mac Allister,32,87.1,30.5,82.2,44.0
Argentina,Enzo Fernandez,32,85.8,45.5,93.3,52.6
Argentina,Julián Álvarez,32,93.3,52.6,87.8,51.1
Argentina,Enzo Fernandez,32,87.8,51.3,90.5,70.7
Argentina,Rodrigo Javier De Paul,32,91.8,68.6,109.6,29.2
France,Ousmane Dembélé,32,21.6,55.1,52.9,45.1
Argentina,Nicolás Hernán Otamendi,32,65.1,36.3,55.0,51.3
Argentina,Cristian Gabriel Romero,32,53.7,58.3,65.9,54.9
Argentina,Rodrigo Javier De Paul,32,68.7,55.5,63.8,48.3
Argentina,Enzo Fernandez,32,62.7,42.7,52.3,27.1
Argentina,Nicolás Hernán Otamendi,32,52.3,26.5,65.9,6.6
Argentina,Nicolás Alejandro Tagliafico,32,67.7,6.4,75.8,2.3
Argentina,Ángel Fabián Di María Hernández,32,74.9,3.8,92.0,15.1
France,Jules Koundé,32,33.8,80.0,53.3,75.5
Argentina,Nicolás Alejandro Tagliafico,33,66.8,4.6,70.9,10.2
Argentina,Alexis Mac Allister,33,72.4,7.8,74.7,2.9
France,Ousmane Dembélé,33,54.6,77.8,57.2,72.3
Argentina,Nicolás Alejandro Tagliafico,33,73.0,6.1,80.9,19.2
France,Raphaël Varane,33,39.2,60.9,61.0,63.3
France,Adrien Rabiot,33,48.6,50.6,88.8,27.3
Argentina,Cristian Gabriel Romero,33,31.3,52.8,9.9,54.1
Argentina,Damián Emiliano Martínez,33,11.0,56.6,31.9,70.5
Argentina,Nahuel Molina Lucero,33,35.6,72.9,43.7,66.2
Argentina,Rodrigo Javier De Paul,33,49.0,67.5,44.3,49.3
Argentina,Enzo Fernandez,33,70.4,52.1,81.3,74.4
Argentina,Nahuel Molina Lucero,33,81.3,73.3,67.0,71.8
Argentina,Rodrigo Javier De Paul,33,63.2,70.9,42.8,62.2
Argentina,Cristian Gabriel Romero,33,43.1,58.1,44.3,25.8
Argentina,Nicolás Hernán Otamendi,33,46.7,23.2,57.4,33.5
Argentina,Enzo Fernandez,33,57.4,33.5,49.5,25.8
Argentina,Nicolás Hernán Otamendi,33,49.5,26.0,56.3,25.6
Argentina,Enzo Fernandez,33,53.5,23.9,44.6,41.0
Argentina,Cristian Gabriel Romero,33,43.5,41.2,51.4,48.5
Argentina,Rodrigo Javier De Paul,33,51.4,48.5,50.5,13.6
Argentina,Nicolás Hernán Otamendi,34,52.5,15.1,40.1,33.5
Argentina,Cristian Gabriel Romero,34,39.6,36.3,55.5,44.2
Argentina,Rodrigo Javier De Paul,34,64.4,42.3,76.0,62.4
Argentina,Lionel Andrés Messi Cuccittini,34,80.3,57.7,101.2,8.9
Argentina,Ángel Fabián Di María Hernández,34,98.5,17.5,94.2,29.7
France,Jules Koundé,34,18.4,55.4,39.8,52.4
Argentina,Enzo Fernandez,34,80.7,23.2,88.4,4.6
Argentina,Nicolás Alejandro Tagliafico,34,90.3,5.7,81.3,12.3
Argentina,Enzo Fernandez,34,80.1,14.7,86.5,5.3
Argentina,Nicolás Alejandro Tagliafico,34,86.5,5.3,93.7,3.8
Argentina,Ángel Fabián Di María Hernández,34,87.3,4.6,74.1,8.1
Argentina,Enzo Fernandez,34,74.7,10.0,54.0,39.9
Argentina,Cristian Gabriel Romero,34,53.7,45.7,21.2,32.0
Argentina,Damián Emiliano Martínez,34,21.2,32.0,27.9,22.4
Argentina,Nicolás Hernán Otamendi,34,25.9,22.4,10.1,40.6
Argentina,Damián Emiliano Martínez,34,9.7,45.1,12.9,55.5
Argentina,Cristian Gabriel Romero,34,12.5,55.3,21.5,73.3
Argentina,Nahuel Molina Lucero,34,21.5,73.3,27.0,79.1
France,Theo Bernard François Hernández,35,93.1,0.1,110.8,7.0
Argentina,Nahuel Molina Lucero,35,5.8,54.5,4.1,42.1
Argentina,Damián Emiliano Martínez,35,4.1,42.1,51.0,73.1
France,Dayotchanculle Upamecano,35,71.3,5.5,94.2,8.3
Argentina,Nahuel Molina Lucero,35,25.9,71.8,41.6,59.2
Argentina,Alexis Mac Allister,35,41.8,59.0,53.1,61.8
Argentina,Lionel Andrés Messi Cuccittini,35,52.9,61.8,62.5,68.2
Argentina,Julián Álvarez,35,63.2,68.2,99.3,54.9
Argentina,Alexis Mac Allister,35,99.3,54.9,111.8,32.1
France,Olivier Giroud,36,61.0,40.1,54.6,42.9
France,Aurélien Djani Tchouaméni,36,54.6,42.9,56.7,12.1
France,Kylian Mbappé Lottin,37,66.8,10.6,45.4,30.3
France,Dayotchanculle Upamecano,37,45.4,31.6,52.7,46.2
France,Aurélien Djani Tchouaméni,37,56.5,64.6,72.1,76.1
Argentina,Nicolás Alejandro Tagliafico,37,44.3,7.4,44.3,3.1
Argentina,Ángel Fabián Di María Hernández,37,45.2,4.0,42.0,14.1
Argentina,Enzo Fernandez,37,42.0,13.8,37.7,9.6
Argentina,Alexis Mac Allister,37,45.2,14.7,43.1,24.1
Argentina,Enzo Fernandez,37,43.1,25.0,48.0,42.7
Argentina,Lionel Andrés Messi Cuccittini,37,48.0,42.5,38.1,39.7
Argentina,Rodrigo Javier De Paul,37,38.1,39.7,33.2,24.7
Argentina,Nicolás Hernán Otamendi,37,32.8,24.3,25.1,45.9
Argentina,Cristian Gabriel Romero,37,25.1,45.7,38.8,44.9
Argentina,Enzo Fernandez,37,39.6,43.8,33.6,24.7
Argentina,Nicolás Hernán Otamendi,37,33.9,23.9,41.6,9.3
Argentina,Nicolás Alejandro Tagliafico,37,44.8,8.1,28.9,15.8
Argentina,Nicolás Hernán Otamendi,37,30.6,14.5,38.8,2.1
Argentina,Nicolás Alejandro Tagliafico,37,38.6,3.4,54.0,7.8
Argentina,Ángel Fabián Di María Hernández,38,53.5,7.0,46.7,63.9
Argentina,Nahuel Molina Lucero,38,46.7,63.7,45.2,49.1
Argentina,Rodrigo Javier De Paul,38,43.5,50.0,26.4,48.9
Argentina,Cristian Gabriel Romero,38,26.4,48.7,37.5,44.6
Argentina,Enzo Fernandez,38,37.5,44.6,49.7,51.7
France,Theo Bernard François Hernández,38,70.4,28.4,80.5,34.8
France,Antoine Griezmann,38,80.5,35.2,87.3,22.2
France,Kylian Mbappé Lottin,38,87.1,10.4,94.4,21.3
Argentina,Cristian Gabriel Romero,38,33.4,54.9,51.4,72.9
France,Dayotchanculle Upamecano,38,42.6,5.1,9.7,25.4
France,Hugo Lloris,38,12.9,29.9,27.4,45.9
France,Raphaël Varane,38,49.0,56.9,60.6,53.0
France,Antoine Griezmann,38,60.4,53.2,44.5,69.3
France,Jules Koundé,38,45.6,69.7,45.6,63.1
France,Raphaël Varane,38,45.6,61.6,50.3,43.6
France,Aurélien Djani Tchouaméni,38,56.9,39.7,50.9,53.0
France,Raphaël Varane,39,62.7,57.5,64.6,73.3
France,Jules Koundé,39,64.4,73.5,77.3,64.6
France,Antoine Griezmann,39,77.3,64.6,80.0,60.5
Argentina,Ángel Fabián Di María Hernández,39,53.1,11.7,55.0,17.7
Argentina,Julián Álvarez,39,55.2,18.5,48.2,20.7
Argentina,Enzo Fernandez,39,48.2,20.7,49.3,31.2
Argentina,Rodrigo Javier De Paul,39,49.3,31.2,53.3,39.1
Argentina,Lionel Andrés Messi Cuccittini,39,44.6,28.4,35.8,23.0
Argentina,Nicolás Hernán Otamendi,39,35.8,22.6,48.0,3.6
Argentina,Nicolás Alejandro Tagliafico,39,48.0,3.1,32.1,16.4
Argentina,Nicolás Hernán Otamendi,39,30.9,19.8,26.6,46.3
Argentina,Cristian Gabriel Romero,39,27.9,47.4,26.6,29.0
Argentina,Nicolás Hernán Otamendi,39,26.6,26.7,37.1,32.0
Argentina,Enzo Fernandez,39,37.1,32.0,45.2,72.7
Argentina,Nahuel Molina Lucero,39,48.4,73.3,52.7,69.5
France,Aurélien Djani Tchouaméni,39,55.0,32.7,62.5,23.1
France,Adrien Rabiot,39,62.5,22.8,51.8,26.5
France,Aurélien Djani Tchouaméni,39,51.8,26.5,41.3,5.1
France,Dayotchanculle Upamecano,39,41.3,5.7,87.5,19.2
Argentina,Cristian Gabriel Romero,39,32.6,60.9,40.1,71.6
Argentina,Nahuel Molina Lucero,39,40.7,74.8,38.3,70.9
Argentina,Rodrigo Javier De Paul,39,43.1,69.7,40.1,75.9
Argentina,Nahuel Molina Lucero,39,39.8,75.9,51.0,74.6
Argentina,Rodrigo Javier De Paul,39,51.0,75.0,54.4,75.4
France,Aurélien Djani Tchouaméni,39,65.7,4.7,96.1,5.3
Argentina,Cristian Gabriel Romero,39,24.0,74.8,37.5,61.1
Argentina,Enzo Fernandez,39,37.5,61.1,36.9,73.3
Argentina,Nahuel Molina Lucero,40,36.9,72.9,40.7,76.5
Argentina,Rodrigo Javier De Paul,40,40.7,76.3,23.6,30.9
Argentina,Nicolás Hernán Otamendi,40,25.5,28.8,48.4,3.1
Argentina,Nicolás Hernán Otamendi,41,51.2,3.1,48.4,20.9
Argentina,Ángel Fabián Di María Hernández,41,72.1,4.4,39.8,60.3
Argentina,Nahuel Molina Lucero,41,42.2,57.9,32.4,28.2
Argentina,Nicolás Hernán Otamendi,41,34.9,24.5,49.7,5.7
Argentina,Ángel Fabián Di María Hernández,42,57.0,3.6,29.6,16.6
Argentina,Nicolás Hernán Otamendi,42,26.4,18.5,19.5,44.4
Argentina,Cristian Gabriel Romero,42,15.5,47.6,43.7,41.4
Argentina,Enzo Fernandez,42,54.4,40.6,102.3,6.6
France,Jules Koundé,42,2.8,65.8,10.5,71.2
France,Hugo Lloris,43,7.0,36.1,72.4,28.8
Argentina,Cristian Gabriel Romero,43,33.1,54.1,28.4,70.7
Argentina,Nahuel Molina Lucero,43,28.7,75.0,39.6,74.8
France,Adrien Rabiot,43,80.5,5.3,86.5,5.5
Argentina,Enzo Fernandez,43,37.5,66.7,51.0,65.4
France,Aurélien Djani Tchouaméni,43,76.6,11.1,82.0,5.1
France,Adrien Rabiot,43,83.9,5.9,79.6,6.6
France,Theo Bernard François Hernández,43,69.6,0.1,71.5,8.7
France,Aurélien Djani Tchouaméni,43,71.5,8.7,68.9,3.6
France,Theo Bernard François Hernández,43,68.9,3.6,45.0,7.7
France,Dayotchanculle Upamecano,43,48.4,22.4,56.3,7.0
France,Theo Bernard François Hernández,43,56.3,7.0,45.0,16.4
France,Dayotchanculle Upamecano,43,42.8,20.7,40.5,51.7
France,Raphaël Varane,43,63.1,58.3,56.3,47.4
France,Aurélien Djani Tchouaméni,44,56.3,46.8,45.6,32.3
France,Dayotchanculle Upamecano,44,53.1,8.1,68.3,19.0
France,Theo Bernard François Hernández,44,56.5,7.0,55.9,27.5
France,Aurélien Djani Tchouaméni,44,55.4,28.4,55.7,49.2
France,Raphaël Varane,44,55.2,47.4,49.2,29.9
France,Dayotchanculle Upamecano,44,47.7,31.4,47.5,71.6
France,Jules Koundé,44,77.5,71.2,86.7,77.2
France,Randal Kolo Muani,44,85.2,64.8,94.4,57.3
Argentina,Nicolás Hernán Otamendi,44,25.7,22.8,32.4,27.5
France,Aurélien Djani Tchouaméni,44,86.0,55.1,84.7,46.2
Argentina,Enzo Fernandez,44,38.5,33.1,41.6,40.7
France,Adrien Rabiot,44,78.5,39.4,91.3,30.4
Argentina,Nahuel Molina Lucero,44,28.8,49.7,43.3,49.2
Argentina,Lionel Andrés Messi Cuccittini,44,37.5,53.8,44.3,74.2
Argentina,Nahuel Molina Lucero,45,55.7,76.1,58.0,67.5
France,Adrien Rabiot,45,62.1,12.6,63.1,0.8
Argentina,Nahuel Molina Lucero,45,57.6,80.0,52.0,72.9
Argentina,Rodrigo Javier De Paul,45,50.5,74.6,32.1,70.1
Argentina,Cristian Gabriel Romero,45,30.2,64.5,27.7,28.0
Argentina,Nicolás Hernán Otamendi,45,27.4,26.2,43.5,3.6
Argentina,Nicolás Alejandro Tagliafico,45,43.5,3.6,112.8,19.0
France,Hugo Lloris,45,9.2,57.7,26.8,34.8
France,Dayotchanculle Upamecano,45,38.8,33.3,46.7,26.9
France,Aurélien Djani Tchouaméni,45,56.1,20.9,66.4,7.7
France,Theo Bernard François Hernández,45,67.8,7.2,42.2,14.9
France,Dayotchanculle Upamecano,45,42.8,16.2,53.3,48.1
France,Adrien Rabiot,46,80.7,72.9,73.6,76.1
France,Jules Koundé,46,74.1,76.3,65.9,49.6
France,Aurélien Djani Tchouaméni,46,67.4,41.0,78.3,7.9
France,Theo Bernard François Hernández,46,78.3,6.8,69.1,17.5
France,Aurélien Djani Tchouaméni,46,69.8,16.4,56.9,24.8
France,Dayotchanculle Upamecano,46,56.5,26.9,86.9,20.3
France,Kylian Mbappé Lottin,46,91.8,4.7,99.7,10.9
France,Marcus Thuram,46,113.0,5.5,112.6,10.2
Argentina,Damián Emiliano Martínez,47,15.9,73.1,85.2,61.3
France,Aurélien Djani Tchouaméni,47,34.9,18.8,53.1,14.7
Argentina,Nahuel Molina Lucero,47,66.8,64.5,80.3,54.5
Argentina,Lionel Andrés Messi Cuccittini,47,80.3,56.4,100.8,53.0
Argentina,Nahuel Molina Lucero,48,104.9,80.0,97.6,72.2
Argentina,Rodrigo Javier De Paul,48,97.4,72.0,105.3,75.2
Argentina,Nahuel Molina Lucero,48,105.3,75.2,104.4,68.6
Argentina,Julián Álvarez,48,104.7,68.2,101.2,71.8
France,Adrien Rabiot,48,22.5,10.0,40.3,12.1
Argentina,Cristian Gabriel Romero,48,57.0,71.4,20.0,47.2
Argentina,Damián Emiliano Martínez,48,18.9,48.1,22.1,23.0
Argentina,Nicolás Hernán Otamendi,48,34.5,16.6,52.7,2.9
France,Randal Kolo Muani,48,64.6,73.7,47.1,56.4
France,Raphaël Varane,48,40.0,40.2,50.7,56.0
France,Aurélien Djani Tchouaméni,48,50.9,56.9,44.3,29.7
France,Dayotchanculle Upamecano,48,53.3,25.8,44.3,41.9
France,Raphaël Varane,49,47.7,45.5,50.9,55.1
France,Aurélien Djani Tchouaméni,49,52.7,49.4,52.4,28.8
France,Dayotchanculle Upamecano,49,63.1,24.8,78.1,5.5
France,Theo Bernard François Hernández,49,94.6,0.1,75.8,6.4
France,Dayotchanculle Upamecano,49,76.6,7.2,56.7,27.5
France,Raphaël Varane,49,55.2,34.8,63.6,59.8
France,Jules Koundé,49,70.8,65.2,83.5,76.7
France,Antoine Griezmann,49,81.8,75.7,65.1,63.9
France,Raphaël Varane,49,68.9,60.3,99.5,37.4
Argentina,Cristian Gabriel Romero,49,20.6,42.7,28.3,32.9
Argentina,Enzo Fernandez,49,29.8,33.1,28.5,23.5
Argentina,Enzo Fernandez,49,36.4,22.4,36.4,19.8
Argentina,Nicolás Alejandro Tagliafico,50,64.7,0.1,82.0,4.4
Argentina,Nicolás Alejandro Tagliafico,50,80.1,0.1,94.4,4.4
France,Aurélien Djani Tchouaméni,50,26.6,70.8,18.7,63.5
France,Dayotchanculle Upamecano,50,18.2,61.3,52.0,68.4
Argentina,Nicolás Hernán Otamendi,50,68.1,11.7,77.9,16.6
Argentina,Enzo Fernandez,50,79.0,16.0,81.8,19.4
France,Antoine Griezmann,50,38.5,73.1,31.7,72.9
France,Jules Koundé,50,30.0,72.9,33.4,72.9
Argentina,Ángel Fabián Di María Hernández,50,94.0,0.1,79.0,11.1
Argentina,Enzo Fernandez,50,76.9,13.4,82.4,24.3
Argentina,Lionel Andrés Messi Cuccittini,51,82.0,22.8,74.7,18.3
Argentina,Enzo Fernandez,51,68.7,19.8,53.5,42.5
Argentina,Cristian Gabriel Romero,51,57.8,41.0,77.9,0.1
France,Jules Koundé,51,42.0,80.0,40.7,72.9
France,Aurélien Djani Tchouaméni,51,39.2,74.2,54.4,74.8
France,Antoine Griezmann,52,80.9,73.1,120.0,29.0
Argentina,Lionel Andrés Messi Cuccittini,45,61.0,40.1,47.5,37.6
Argentina,Enzo Fernandez,45,47.3,41.9,43.9,55.1
Argentina,Rodrigo Javier De Paul,45,43.7,51.3,30.4,29.0
Argentina,Nicolás Hernán Otamendi,45,30.4,29.0,39.4,13.9
Argentina,Nicolás Alejandro Tagliafico,45,39.2,13.9,63.4,3.4
Argentina,Ángel Fabián Di María Hernández,45,57.6,4.0,39.8,5.9
Argentina,Nicolás Alejandro Tagliafico,45,38.3,7.4,25.9,17.1
Argentina,Nicolás Hernán Otamendi,45,25.7,17.5,8.0,32.3
Argentina,Damián Emiliano Martínez,45,6.7,30.8,50.7,7.2
France,Jules Koundé,45,69.4,72.9,67.4,59.6
France,Aurélien Djani Tchouaméni,45,67.2,59.6,71.9,58.8
Argentina,Lionel Andrés Messi Cuccittini,45,70.6,21.1,87.3,17.3
Argentina,Julián Álvarez,45,97.0,29.3,98.4,57.4
Argentina,Rodrigo Javier De Paul,45,97.6,56.2,105.3,61.1
Argentina,Julián Álvarez,45,100.1,62.8,88.2,54.7
Argentina,Enzo Fernandez,45,87.7,53.0,111.9,41.9
France,Hugo Lloris,45,11.6,39.7,27.9,8.5
Argentina,Nahuel Molina Lucero,46,80.3,80.0,90.9,68.8
France,Marcus Thuram,46,36.6,11.7,23.4,42.7
France,Jules Koundé,46,61.9,71.2,65.7,70.9
France,Aurélien Djani Tchouaméni,46,42.4,73.9,29.6,55.5
France,Raphaël Varane,46,24.4,55.5,36.2,33.3
France,Dayotchanculle Upamecano,46,43.5,30.3,54.8,38.4
France,Aurélien Djani Tchouaméni,46,56.1,32.0,51.0,3.4
France,Theo Bernard François Hernández,46,52.7,3.1,70.4,2.7
France,Marcus Thuram,46,70.4,2.7,52.0,6.4
France,Theo Bernard François Hernández,47,51.8,7.4,38.1,38.0
France,Raphaël Varane,47,39.0,42.9,39.4,57.0
France,Jules Koundé,47,39.4,57.0,39.6,50.2
France,Raphaël Varane,47,46.7,48.5,43.3,21.1
France,Dayotchanculle Upamecano,47,46.0,28.6,99.5,14.5
Argentina,Cristian Gabriel Romero,47,20.6,65.6,29.6,69.7
Argentina,Rodrigo Javier De Paul,47,29.3,69.7,2.0,59.8
Argentina,Damián Emiliano Martínez,47,16.3,50.9,95.4,80.0
France,Theo Bernard François Hernández,47,25.3,0.1,49.9,3.6
Argentina,Nahuel Molina Lucero,48,79.4,80.0,100.4,65.2
Argentina,Lionel Andrés Messi Cuccittini,48,100.4,65.2,102.1,54.1
France,Raphaël Varane,48,18.7,36.3,6.0,40.8
France,Hugo Lloris,48,6.0,40.8,43.9,51.5
Argentina,Nicolás Alejandro Tagliafico,48,79.8,14.9,96.1,13.2
France,Jules Koundé,48,24.0,66.9,33.9,73.9
France,Randal Kolo Muani,48,36.4,71.8,36.9,66.7
France,Jules Koundé,48,52.3,75.2,56.7,47.8
Argentina,Cristian Gabriel Romero,48,69.8,35.0,78.8,44.0
Argentina,Lionel Andrés Messi Cuccittini,48,81.3,32.9,99.7,22.4
Argentina,Ángel Fabián Di María Hernández,48,106.8,20.9,103.3,52.3
France,Hugo Lloris,48,12.0,39.7,30.6,31.4
France,Antoine Griezmann,48,30.6,31.4,30.2,6.8
France,Theo Bernard François Hernández,49,48.2,8.3,43.1,13.2
France,Antoine Griezmann,49,43.1,13.2,56.3,3.4
France,Antoine Griezmann,49,73.6,22.0,77.5,35.4
Argentina,Damián Emiliano Martínez,49,2.8,56.6,20.8,74.6
Argentina,Nahuel Molina Lucero,49,35.1,74.4,97.2,68.2
France,Dayotchanculle Upamecano,49,22.9,11.9,7.8,28.2
France,Hugo Lloris,49,7.8,28.2,47.5,22.2
France,Adrien Rabiot,49,47.5,22.2,55.0,22.6
France,Antoine Griezmann,49,55.0,22.6,66.6,13.4
Argentina,Nahuel Molina Lucero,49,53.5,66.7,65.1,64.6
France,Antoine Griezmann,49,55.0,15.5,54.4,20.7
France,Adrien Rabiot,49,55.7,16.0,65.3,7.0
France,Theo Bernard François Hernández,49,69.8,0.1,51.8,11.1
Argentina,Nahuel Molina Lucero,50,67.6,80.0,75.1,75.2
Argentina,Lionel Andrés Messi Cuccittini,50,77.5,74.6,63.4,77.8
Argentina,Nahuel Molina Lucero,50,61.6,77.2,15.2,55.4
Argentina,Damián Emiliano Martínez,50,15.0,54.3,25.5,25.4
Argentina,Nicolás Hernán Otamendi,50,31.3,22.8,44.7,5.7
Argentina,Nicolás Alejandro Tagliafico,50,44.7,6.4,62.5,12.8
Argentina,Alexis Mac Allister,50,62.5,13.0,60.8,13.4
Argentina,Alexis Mac Allister,50,43.0,6.8,33.4,9.6
France,Randal Kolo Muani,50,86.5,67.7,96.5,60.0
France,Antoine Griezmann,51,120.0,80.0,112.6,36.9
Argentina,Damián Emiliano Martínez,51,15.4,46.2,36.0,75.7
Argentina,Ángel Fabián Di María Hernández,51,70.6,65.8,92.4,60.7
Argentina,Lionel Andrés Messi Cuccittini,51,92.4,60.9,111.9,70.1
Argentina,Nahuel Molina Lucero,51,110.8,80.0,107.4,72.5
Argentina,Rodrigo Javier De Paul,51,108.5,71.6,112.3,78.0
Argentina,Nahuel Molina Lucero,51,112.8,77.0,113.8,73.1
Argentina,Lionel Andrés Messi Cuccittini,52,120.0,80.0,117.9,49.8
Argentina,Nahuel Molina Lucero,53,106.4,80.0,113.0,66.9
Argentina,Julián Álvarez,53,114.1,71.0,108.9,74.6
France,Marcus Thuram,53,5.2,7.0,62.1,17.9
Argentina,Nicolás Hernán Otamendi,53,55.9,65.8,72.3,75.7
Argentina,Rodrigo Javier De Paul,53,68.3,75.2,34.3,30.3
Argentina,Damián Emiliano Martínez,53,34.3,30.3,39.4,35.0
Argentina,Enzo Fernandez,53,39.4,35.0,59.3,11.7
France,Jules Koundé,53,60.8,68.4,79.2,70.5
France,Antoine Griezmann,53,79.4,70.5,67.0,69.5
France,Aurélien Djani Tchouaméni,53,63.6,73.3,55.7,42.3
France,Dayotchanculle Upamecano,53,64.4,45.9,71.9,23.2
France,Adrien Rabiot,53,65.3,30.1,67.0,42.9
France,Aurélien Djani Tchouaméni,53,67.0,42.9,56.7,34.2
France,Dayotchanculle Upamecano,53,63.4,31.8,70.6,13.8
France,Kylian Mbappé Lottin,53,74.1,15.1,76.9,18.1
France,Aurélien Djani Tchouaméni,54,80.7,19.8,94.0,2.3
France,Theo Bernard François Hernández,54,94.0,2.3,90.1,9.8
France,Aurélien Djani Tchouaméni,54,90.1,12.1,100.0,15.3
Argentina,Rodrigo Javier De Paul,54,22.5,71.8,31.3,77.8
Argentina,Enzo Fernandez,54,31.3,77.2,40.0,73.3
Argentina,Rodrigo Javier De Paul,55,53.5,76.5,33.0,72.9
Argentina,Cristian Gabriel Romero,55,35.5,72.7,63.8,36.7
Argentina,Alexis Mac Allister,55,64.2,37.0,76.6,26.0
France,Jules Koundé,56,43.5,54.1,57.8,57.0
France,Jules Koundé,56,59.1,57.3,63.2,65.2
France,Aurélien Djani Tchouaméni,56,63.2,65.2,52.9,37.8
France,Dayotchanculle Upamecano,56,52.7,33.9,62.5,6.4
France,Theo Bernard François Hernández,56,61.9,3.1,62.1,11.7
France,Adrien Rabiot,56,64.4,10.6,56.5,2.3
France,Theo Bernard François Hernández,56,56.5,2.3,40.9,13.0
France,Dayotchanculle Upamecano,56,40.9,15.5,42.4,49.6
France,Raphaël Varane,56,42.4,49.6,37.9,20.9
France,Dayotchanculle Upamecano,56,47.5,29.7,62.7,69.2
France,Jules Koundé,56,114.7,73.5,115.1,70.1
France,Jules Koundé,57,114.5,80.0,111.9,63.5
France,Randal Kolo Muani,57,112.6,63.9,94.6,50.4
France,Adrien Rabiot,57,94.6,50.4,80.7,68.2
France,Raphaël Varane,57,72.1,66.9,29.4,51.5
France,Hugo Lloris,57,30.9,50.4,45.8,22.6
France,Dayotchanculle Upamecano,57,47.3,22.6,63.4,3.4
France,Theo Bernard François Hernández,57,45.4,2.9,56.7,9.1
Argentina,Enzo Fernandez,57,58.4,67.1,63.8,74.6
Argentina,Lionel Andrés Messi Cuccittini,58,67.6,71.8,63.1,76.1
Argentina,Nahuel Molina Lucero,58,63.4,74.2,89.9,11.9
France,Jules Koundé,58,30.2,68.2,40.7,68.6
Argentina,Nicolás Alejandro Tagliafico,58,79.4,11.5,82.8,16.0
Argentina,Ángel Fabián Di María Hernández,58,84.7,20.3,98.2,26.7
France,Hugo Lloris,58,7.8,44.4,50.5,25.2
France,Dayotchanculle Upamecano,58,50.5,22.8,44.3,37.2
France,Raphaël Varane,58,45.2,42.1,49.7,23.0
France,Dayotchanculle Upamecano,58,52.0,22.4,55.7,5.5
France,Theo Bernard François Hernández,58,55.5,5.5,94.0,26.2
Argentina,Damián Emiliano Martínez,59,29.6,48.5,81.1,5.9
France,Jules Koundé,59,39.0,74.2,45.8,64.3
France,Randal Kolo Muani,59,46.5,63.7,44.1,59.6
France,Aurélien Djani Tchouaméni,59,44.1,59.6,62.5,66.5
Argentina,Nicolás Alejandro Tagliafico,59,57.6,13.6,76.6,8.9
Argentina,Ángel Fabián Di María Hernández,59,112.1,22.4,106.6,37.0
France,Hugo Lloris,60,6.0,36.0,83.7,65.0
Argentina,Nicolás Alejandro Tagliafico,60,36.4,15.1,39.4,22.0
Argentina,Enzo Fernandez,60,39.4,22.0,70.6,20.1
France,Dayotchanculle Upamecano,60,50.8,60.3,66.4,11.3
Argentina,Nahuel Molina Lucero,61,40.3,80.0,46.5,73.3
Argentina,Rodrigo Javier De Paul,61,46.5,73.3,37.3,77.6
Argentina,Nahuel Molina Lucero,61,37.3,77.6,37.0,69.0
Argentina,Enzo Fernandez,61,36.4,69.3,46.5,75.5
Argentina,Rodrigo Javier De Paul,61,45.4,74.2,70.6,80.0
France,Theo Bernard François Hernández,61,52.0,0.1,48.4,6.4
France,Dayotchanculle Upamecano,61,34.5,12.1,36.4,35.9
France,Raphaël Varane,61,36.2,38.9,32.1,60.7
France,Jules Koundé,61,32.1,60.7,14.0,38.2
France,Hugo Lloris,61,14.0,38.0,24.7,25.6
France,Dayotchanculle Upamecano,61,36.9,25.6,44.3,4.0
France,Theo Bernard François Hernández,61,49.3,3.6,64.0,3.6
France,Marcus Thuram,61,64.2,3.4,67.4,9.3
Argentina,Enzo Fernandez,61,42.2,68.2,46.7,74.4
France,Marcus Thuram,61,85.4,21.1,85.6,35.0
France,Antoine Griezmann,61,85.4,32.0,105.1,14.9
France,Theo Bernard François Hernández,61,104.9,14.9,113.2,36.1
France,Theo Bernard François Hernández,62,86.0,0.1,77.1,16.2
France,Aurélien Djani Tchouaméni,62,77.1,16.2,68.5,49.3
France,Raphaël Varane,62,80.5,58.5,90.5,54.3
Argentina,Alexis Mac Allister,62,57.8,35.5,57.8,45.5
Argentina,Lionel Andrés Messi Cuccittini,62,64.0,43.4,90.5,25.8
Argentina,Julián Álvarez,62,90.5,25.6,111.9,43.6
France,Jules Koundé,62,19.3,50.2,32.4,25.8
France,Adrien Rabiot,62,35.1,21.5,55.9,23.5
France,Marcus Thuram,62,53.5,25.4,51.0,31.4
France,Aurélien Djani Tchouaméni,62,52.5,26.5,57.4,11.9
France,Theo Bernard François Hernández,62,61.2,7.8,71.3,2.5
France,Kylian Mbappé Lottin,62,71.3,2.5,68.1,14.3
France,Antoine Griezmann,63,73.4,16.2,84.3,14.9
France,Adrien Rabiot,63,84.3,14.7,89.5,9.6
France,Kylian Mbappé Lottin,63,97.6,17.7,102.7,17.5
France,Adrien Rabiot,63,92.0,9.8,83.7,14.7
France,Aurélien Djani Tchouaméni,63,76.4,23.0,113.6,63.2
Argentina,Damián Emiliano Martínez,64,7.0,36.1,71.5,13.6
France,Randal Kolo Muani,64,48.6,66.5,62.9,69.7
Argentina,Nicolás Alejandro Tagliafico,64,56.9,10.4,57.2,20.7
Argentina,Enzo Fernandez,64,57.2,20.7,40.0,17.7
Argentina,Nicolás Hernán Otamendi,64,40.0,18.3,34.5,29.9
Argentina,Cristian Gabriel Romero,64,35.1,30.1,35.5,14.7
Argentina,Nicolás Hernán Otamendi,64,35.5,12.6,46.2,4.0
Argentina,Nicolás Alejandro Tagliafico,64,46.2,5.1,71.3,22.0
Argentina,Julián Álvarez,64,71.3,22.0,68.3,29.3
Argentina,Lionel Andrés Messi Cuccittini,64,74.7,19.8,87.1,5.3
Argentina,Marcos Javier Acuña,64,87.1,5.3,82.0,17.7
Argentina,Alexis Mac Allister,64,94.6,19.2,102.1,14.1
Argentina,Marcos Javier Acuña,64,102.9,14.1,93.1,10.9
Argentina,Lionel Andrés Messi Cuccittini,64,97.8,9.6,100.1,24.3
Argentina,Alexis Mac Allister,64,100.4,24.3,104.4,26.0
France,Aurélien Djani Tchouaméni,64,6.7,54.3,1.8,47.0
France,Hugo Lloris,64,1.8,47.0,29.4,64.1
Argentina,Nicolás Alejandro Tagliafico,64,90.7,16.0,105.9,15.6
France,Jules Koundé,64,5.4,70.9,7.8,71.2
France,Hugo Lloris,65,6.0,44.0,80.1,60.3
Argentina,Nicolás Hernán Otamendi,65,40.0,19.8,57.2,28.0
France,Aurélien Djani Tchouaméni,65,62.9,52.1,74.3,47.4
France,Antoine Griezmann,65,74.3,47.4,62.5,42.5
France,Adrien Rabiot,65,53.3,38.2,45.6,49.8
France,Raphaël Varane,65,45.6,49.8,57.4,6.4
France,Theo Bernard François Hernández,65,63.2,5.9,54.4,13.6
France,Adrien Rabiot,65,53.3,15.1,48.8,25.6
France,Dayotchanculle Upamecano,65,53.1,29.2,106.8,15.5
Argentina,Rodrigo Javier De Paul,65,20.1,64.6,6.9,65.6
Argentina,Nahuel Molina Lucero,65,6.7,65.6,14.2,80.0
France,Antoine Griezmann,65,105.9,0.1,89.7,5.3
France,Theo Bernard François Hernández,65,89.7,5.3,89.5,11.3
France,Adrien Rabiot,65,92.9,10.0,102.9,2.7
France,Antoine Griezmann,66,107.2,3.1,117.3,73.9
France,Randal Kolo Muani,66,117.3,73.9,105.5,76.1
France,Jules Koundé,66,105.7,76.1,109.1,74.8
Argentina,Nicolás Alejandro Tagliafico,66,11.0,5.3,16.1,10.2
Argentina,Alexis Mac Allister,66,3.0,8.9,33.6,19.6
France,Aurélien Djani Tchouaméni,66,87.3,65.8,62.9,62.4
France,Raphaël Varane,66,52.7,53.4,23.4,34.2
France,Hugo Lloris,66,23.2,34.2,33.0,55.3
France,Raphaël Varane,66,33.2,57.7,47.1,63.9
France,Aurélien Djani Tchouaméni,66,49.9,68.4,64.0,76.1
France,Jules Koundé,66,64.0,76.1,41.8,58.3
France,Raphaël Varane,66,42.8,57.0,54.4,51.7
France,Antoine Griezmann,66,54.4,51.7,48.2,25.2
France,Dayotchanculle Upamecano,66,48.2,25.8,63.4,19.2
France,Antoine Griezmann,66,64.2,18.1,75.4,3.6
France,Theo Bernard François Hernández,66,75.4,3.6,75.1,9.8
France,Antoine Griezmann,66,75.1,9.8,94.2,3.4
France,Theo Bernard François Hernández,66,93.7,3.6,107.9,36.3
France,Antoine Griezmann,67,120.0,0.1,113.4,34.6
Argentina,Damián Emiliano Martínez,68,7.0,44.1,74.7,30.1
France,Aurélien Djani Tchouaméni,68,45.4,50.0,67.7,39.9
Argentina,Cristian Gabriel Romero,68,52.4,40.2,64.9,44.7
France,Adrien Rabiot,68,54.4,28.0,64.7,17.5
France,Kylian Mbappé Lottin,68,67.0,18.1,63.6,23.0
France,Antoine Griezmann,68,63.6,23.0,76.4,5.7
Argentina,Rodrigo Javier De Paul,68,43.7,74.4,41.3,64.3
Argentina,Enzo Fernandez,68,46.9,59.4,57.2,46.2
Argentina,Alexis Mac Allister,68,57.2,46.2,50.9,56.6
Argentina,Enzo Fernandez,68,50.1,55.6,54.4,64.1
Argentina,Lionel Andrés Messi Cuccittini,68,57.6,59.6,48.8,53.9
Argentina,Enzo Fernandez,68,43.9,49.6,39.2,30.8
Argentina,Nicolás Hernán Otamendi,68,40.0,27.5,50.7,15.4
Argentina,Nicolás Alejandro Tagliafico,68,50.9,11.1,66.8,5.1
France,Marcus Thuram,68,70.2,62.2,75.1,68.6
France,Randal Kolo Muani,68,75.1,68.6,70.2,70.5
France,Jules Koundé,68,70.2,70.5,77.3,57.5
France,Aurélien Djani Tchouaméni,68,71.9,62.8,63.8,33.7
France,Adrien Rabiot,68,62.9,28.6,77.1,16.8
France,Kylian Mbappé Lottin,68,79.0,17.0,109.4,3.4
France,Theo Bernard François Hernández,68,109.6,5.3,111.7,29.7
France,Dayotchanculle Upamecano,68,67.0,21.1,69.8,13.6
France,Adrien Rabiot,69,62.3,13.6,66.4,21.3
France,Aurélien Djani Tchouaméni,69,77.9,14.3,92.7,15.8
France,Kylian Mbappé Lottin,69,92.9,15.8,94.0,10.8
Argentina,Rodrigo Javier De Paul,69,17.2,75.0,29.3,72.0
Argentina,Lionel Andrés Messi Cuccittini,69,32.6,72.9,73.2,77.0
France,Theo Bernard François Hernández,69,46.9,3.1,20.2,25.8
France,Hugo Lloris,69,25.3,32.4,39.4,50.2
France,Raphaël Varane,69,62.5,56.8,57.4,69.5
France,Jules Koundé,69,57.4,69.5,44.6,33.5
France,Dayotchanculle Upamecano,69,45.0,30.3,59.7,10.4
France,Aurélien Djani Tchouaméni,69,69.6,9.3,82.8,3.4
France,Theo Bernard François Hernández,69,83.7,4.2,100.8,12.3
Argentina,Cristian Gabriel Romero,69,19.3,67.8,27.2,74.8
Argentina,Nahuel Molina Lucero,69,27.2,74.8,19.9,67.1
Argentina,Cristian Gabriel Romero,69,19.9,67.1,39.0,66.9
France,Aurélien Djani Tchouaméni,69,78.3,17.9,68.1,21.5
France,Adrien Rabiot,70,72.6,18.1,81.3,3.4
France,Theo Bernard François Hernández,70,81.3,3.4,98.2,3.4
France,Kylian Mbappé Lottin,70,98.9,8.7,101.0,12.3
Argentina,Damián Emiliano Martínez,70,7.0,44.1,75.1,7.7
France,Jules Koundé,71,45.0,72.4,54.0,75.2
Argentina,Julián Álvarez,71,75.1,6.6,68.1,13.0
Argentina,Alexis Mac Allister,71,88.4,15.6,100.1,7.4
Argentina,Marcos Javier Acuña,71,100.4,7.4,112.6,14.7
Argentina,Alexis Mac Allister,71,112.6,7.9,99.5,9.6
Argentina,Lionel Andrés Messi Cuccittini,71,106.8,23.9,98.2,31.8
France,Hugo Lloris,71,10.1,38.6,34.7,18.8
France,Adrien Rabiot,71,60.0,14.5,62.7,4.4
France,Eduardo Camavinga,71,45.2,2.7,35.1,11.5
France,Dayotchanculle Upamecano,71,31.5,12.3,34.5,35.7
France,Raphaël Varane,71,43.5,43.8,52.0,69.9
France,Jules Koundé,72,63.6,70.9,62.7,55.5
France,Aurélien Djani Tchouaméni,72,57.8,45.5,65.1,39.7
France,Adrien Rabiot,72,66.8,38.9,48.0,51.5
France,Raphaël Varane,72,48.0,51.5,56.5,22.6
France,Dayotchanculle Upamecano,72,56.5,22.6,83.9,4.6
France,Randal Kolo Muani,72,92.0,8.1,82.4,22.0
France,Aurélien Djani Tchouaméni,72,83.1,22.0,105.3,46.8
France,Eduardo Camavinga,72,58.5,0.1,48.0,5.5
France,Dayotchanculle Upamecano,72,54.4,8.3,48.0,47.0
France,Raphaël Varane,72,70.0,52.3,79.0,74.2
France,Jules Koundé,72,79.0,74.2,93.7,72.2
France,Kingsley Coman,72,93.5,80.0,78.3,71.4
France,Adrien Rabiot,72,78.3,71.4,82.6,73.7
France,Kingsley Coman,72,83.9,75.0,61.9,61.8
France,Raphaël Varane,73,61.9,58.8,64.2,34.2
France,Dayotchanculle Upamecano,73,82.8,19.2,97.4,21.1
Argentina,Damián Emiliano Martínez,74,36.4,62.6,92.0,63.3
France,Dayotchanculle Upamecano,74,28.1,16.8,45.0,14.5
Argentina,Cristian Gabriel Romero,74,17.6,76.3,19.7,68.0
Argentina,Enzo Fernandez,74,19.7,68.0,33.0,75.9
Argentina,Rodrigo Javier De Paul,74,45.0,70.5,90.9,64.8
Argentina,Julián Álvarez,74,108.9,74.2,95.9,75.9
Argentina,Nahuel Molina Lucero,74,92.9,77.0,86.7,55.6
France,Kingsley Coman,74,47.1,29.2,42.6,50.2
France,Raphaël Varane,74,67.4,57.9,79.6,79.7
Argentina,Nicolás Alejandro Tagliafico,75,48.4,0.1,71.9,6.2
Argentina,Nicolás Alejandro Tagliafico,75,61.4,0.1,56.1,33.3
France,Marcus Thuram,75,54.2,38.2,70.9,59.6
Argentina,Nicolás Hernán Otamendi,75,59.9,22.0,81.3,38.2
France,Eduardo Camavinga,75,41.6,34.2,54.6,18.5
France,Marcus Thuram,75,62.9,16.4,55.9,32.9
France,Aurélien Djani Tchouaméni,76,78.6,29.7,92.3,15.8
Argentina,Nahuel Molina Lucero,76,27.8,64.3,43.5,61.8
Argentina,Lionel Andrés Messi Cuccittini,76,49.0,66.5,73.0,73.7
Argentina,Nahuel Molina Lucero,76,79.4,76.5,64.6,73.3
Argentina,Lionel Andrés Messi Cuccittini,76,85.6,72.7,75.8,68.0
Argentina,Nahuel Molina Lucero,76,75.8,68.2,86.7,75.7
Argentina,Lionel Andrés Messi Cuccittini,76,86.7,76.1,95.9,77.8
Argentina,Rodrigo Javier De Paul,76,95.2,55.4,87.3,55.4
Argentina,Alexis Mac Allister,76,87.3,55.4,80.3,51.3
Argentina,Enzo Fernandez,76,80.0,51.3,87.3,69.7
Argentina,Lionel Andrés Messi Cuccittini,77,92.9,64.8,108.5,59.2
Argentina,Rodrigo Javier De Paul,77,112.1,59.8,117.9,42.1
France,Hugo Lloris,77,13.7,42.7,82.2,55.3
Argentina,Enzo Fernandez,77,49.2,15.4,55.0,12.6
Argentina,Marcos Javier Acuña,77,55.2,11.7,52.0,26.5
Argentina,Alexis Mac Allister,77,66.6,28.2,55.9,25.4
Argentina,Enzo Fernandez,77,55.9,27.5,69.1,67.3
Argentina,Rodrigo Javier De Paul,77,69.1,67.3,48.0,66.9
Argentina,Nahuel Molina Lucero,77,48.0,66.9,57.6,61.1
Argentina,Enzo Fernandez,77,57.6,61.1,66.1,74.0
Argentina,Rodrigo Javier De Paul,77,66.1,74.0,58.4,64.8
Argentina,Enzo Fernandez,77,63.4,66.7,58.4,76.1
Argentina,Rodrigo Javier De Paul,77,61.4,76.1,70.0,76.3
France,Eduardo Camavinga,77,50.8,4.2,54.6,4.4
Argentina,Nahuel Molina Lucero,78,69.1,80.0,69.6,66.9
Argentina,Enzo Fernandez,78,70.8,66.0,70.0,75.2
Argentina,Nahuel Molina Lucero,78,70.0,75.2,74.9,75.5
Argentina,Nahuel Molina Lucero,78,74.9,75.5,80.7,70.3
France,Eduardo Camavinga,78,39.4,9.8,60.2,7.8
France,Kylian Mbappé Lottin,78,60.2,7.6,90.3,18.1
Argentina,Julián Álvarez,79,61.0,40.1,44.3,40.2
Argentina,Rodrigo Javier De Paul,79,44.3,40.2,50.1,66.0
Argentina,Nahuel Molina Lucero,79,43.5,76.3,22.7,56.4
Argentina,Cristian Gabriel Romero,79,20.6,50.9,20.6,30.3
Argentina,Nicolás Hernán Otamendi,79,19.1,28.6,6.0,37.0
Argentina,Damián Emiliano Martínez,80,6.0,37.0,51.4,4.9
Argentina,Marcos Javier Acuña,80,51.2,4.9,62.5,0.8
France,Jules Koundé,80,56.5,80.0,38.8,50.8
France,Dayotchanculle Upamecano,80,55.7,35.2,55.9,11.1
France,Eduardo Camavinga,80,55.9,11.1,66.8,2.3
France,Marcus Thuram,80,68.7,2.7,54.6,5.5
France,Eduardo Camavinga,80,54.6,5.5,44.1,23.7
France,Dayotchanculle Upamecano,80,66.2,64.1,100.0,27.5
Argentina,Cristian Gabriel Romero,80,20.1,52.6,39.0,56.4
France,Eduardo Camavinga,80,81.1,23.7,73.6,32.9
France,Kingsley Coman,80,84.8,71.2,78.8,58.3
France,Adrien Rabiot,80,79.2,54.1,93.1,24.1
France,Kylian Mbappé Lottin,80,93.1,24.1,94.8,36.3
France,Marcus Thuram,80,94.8,36.3,104.8,30.1
Argentina,Lionel Andrés Messi Cuccittini,82,61.0,40.1,46.5,43.4
Argentina,Enzo Fernandez,82,50.3,45.5,47.3,59.2
Argentina,Rodrigo Javier De Paul,82,47.3,59.2,28.7,59.0
Argentina,Cristian Gabriel Romero,82,28.7,59.0,43.9,49.4
Argentina,Enzo Fernandez,82,44.7,48.1,40.7,17.7
Argentina,Nicolás Alejandro Tagliafico,82,40.3,14.5,55.4,5.1
Argentina,Marcos Javier Acuña,82,55.4,5.1,95.2,9.2
Argentina,Nicolás Alejandro Tagliafico,82,89.5,0.1,112.3,8.3
Argentina,Julián Álvarez,83,110.2,7.2,98.2,5.3
Argentina,Nicolás Alejandro Tagliafico,83,98.2,5.3,99.3,11.3
Argentina,Julián Álvarez,83,91.6,14.7,89.2,32.7
Argentina,Rodrigo Javier De Paul,83,88.6,29.5,94.8,23.9
Argentina,Julián Álvarez,83,96.7,22.4,99.1,19.0
Argentina,Julián Álvarez,83,107.0,17.5,114.1,11.7
Argentina,Marcos Javier Acuña,83,107.8,14.7,90.9,31.2
Argentina,Cristian Gabriel Romero,83,70.6,48.5,80.3,57.9
Argentina,Nahuel Molina Lucero,83,80.3,57.9,96.3,55.4
France,Eduardo Camavinga,83,23.8,24.7,46.7,32.2
Argentina,Nicolás Hernán Otamendi,83,78.8,50.0,79.0,58.6
France,Adrien Rabiot,83,42.0,17.7,47.3,15.1
Argentina,Cristian Gabriel Romero,83,45.0,75.7,47.1,72.0
Argentina,Rodrigo Javier De Paul,83,48.6,71.8,55.4,63.1
Argentina,Enzo Fernandez,83,63.8,59.2,74.7,53.2
Argentina,Julián Álvarez,83,74.7,53.2,75.3,63.9
Argentina,Lionel Andrés Messi Cuccittini,83,75.8,60.3,77.9,57.1
France,Marcus Thuram,84,91.0,19.0,108.9,15.1
France,Kylian Mbappé Lottin,84,108.3,20.3,120.0,57.3
Argentina,Damián Emiliano Martínez,84,7.0,36.1,73.8,25.8
France,Adrien Rabiot,84,46.3,50.0,46.7,66.2
France,Jules Koundé,84,46.7,66.2,39.6,55.3
France,Raphaël Varane,84,42.6,57.3,45.4,71.8
France,Jules Koundé,84,45.4,71.2,40.9,59.6
France,Raphaël Varane,84,40.7,60.5,12.3,39.7
France,Hugo Lloris,85,23.4,29.7,78.8,13.4
France,Marcus Thuram,85,78.8,13.4,93.5,16.8
Argentina,Cristian Gabriel Romero,85,26.6,63.3,56.3,60.9
France,Aurélien Djani Tchouaméni,85,68.3,19.2,70.2,10.8
France,Adrien Rabiot,85,70.2,10.8,48.4,18.1
France,Dayotchanculle Upamecano,85,53.5,21.8,51.2,56.0
France,Jules Koundé,85,51.8,56.0,47.5,45.5
France,Raphaël Varane,85,52.3,38.9,67.0,29.5
France,Adrien Rabiot,85,67.0,29.5,49.5,17.5
France,Dayotchanculle Upamecano,85,49.3,10.6,39.2,64.1
France,Jules Koundé,85,46.7,75.7,76.0,67.7
France,Kylian Mbappé Lottin,86,74.7,63.0,75.8,67.7
France,Jules Koundé,86,76.4,67.1,80.3,61.5
France,Kylian Mbappé Lottin,86,80.3,61.5,99.3,47.4
France,Randal Kolo Muani,86,98.0,32.9,107.9,31.8
France,Randal Kolo Muani,86,96.7,30.7,100.4,24.1
France,Marcus Thuram,86,101.2,23.9,106.4,28.4
France,Adrien Rabiot,86,104.0,25.2,106.6,27.3
Argentina,Damián Emiliano Martínez,87,18.4,51.7,85.2,69.9
France,Eduardo Camavinga,89,34.9,10.2,30.6,47.8
France,Raphaël Varane,89,44.8,52.6,97.4,19.0
France,Eduardo Camavinga,89,99.5,0.1,87.3,5.1
France,Adrien Rabiot,89,89.7,3.8,109.4,36.5
Argentina,Rodrigo Javier De Paul,89,21.9,69.7,32.3,66.7
France,Adrien Rabiot,89,87.8,13.4,92.0,25.6
France,Kylian Mbappé Lottin,89,92.3,25.4,111.9,65.6
France,Kingsley Coman,89,111.7,68.8,69.8,61.8
France,Jules Koundé,90,70.4,59.8,54.6,42.1
France,Raphaël Varane,90,54.8,39.9,56.7,14.9
France,Dayotchanculle Upamecano,90,56.3,19.4,54.0,56.8
France,Jules Koundé,90,52.9,60.9,75.8,73.1
Argentina,Cristian Gabriel Romero,90,25.5,28.6,62.9,26.9
Argentina,Julián Álvarez,90,61.9,35.2,67.0,45.1
France,Dayotchanculle Upamecano,90,53.1,35.0,83.3,28.8
Argentina,Cristian Gabriel Romero,90,36.8,51.3,52.0,51.1
Argentina,Enzo Fernandez,90,57.6,49.8,96.9,22.2
France,Jules Koundé,90,23.2,57.9,39.2,55.8
Argentina,Nicolás Alejandro Tagliafico,90,80.9,24.3,101.2,13.0
Argentina,Marcos Javier Acuña,90,101.2,13.0,120.0,23.1
France,Hugo Lloris,91,6.0,44.0,74.7,25.6
France,Randal Kolo Muani,91,74.7,25.6,82.6,25.2
France,Kylian Mbappé Lottin,92,86.7,18.1,106.2,30.7
Argentina,Rodrigo Javier De Paul,92,20.1,28.0,18.4,13.9
Argentina,Marcos Javier Acuña,92,18.0,13.9,21.6,13.9
Argentina,Nicolás Alejandro Tagliafico,92,44.5,0.1,25.7,10.4
Argentina,Nicolás Hernán Otamendi,92,21.9,25.0,25.9,58.8
Argentina,Nahuel Molina Lucero,92,31.7,63.3,62.5,75.7
France,Kingsley Coman,93,120.0,0.1,113.0,38.0
France,Aurélien Djani Tchouaméni,93,91.6,33.7,89.3,19.4
France,Eduardo Camavinga,93,90.1,18.3,98.7,2.9
France,Eduardo Camavinga,93,113.6,19.8,108.9,28.5
Argentina,Cristian Gabriel Romero,93,3.7,42.5,2.2,45.5
Argentina,Damián Emiliano Martínez,93,4.3,44.0,21.2,57.9
Argentina,Enzo Fernandez,94,45.2,51.9,49.7,62.2
Argentina,Julián Álvarez,94,51.6,59.4,53.5,69.3
Argentina,Nahuel Molina Lucero,94,54.8,70.3,65.7,77.8
Argentina,Nahuel Molina Lucero,94,89.7,80.0,96.3,64.3
Argentina,Lionel Andrés Messi Cuccittini,94,94.6,61.1,86.0,61.3
Argentina,Cristian Gabriel Romero,94,85.8,61.6,97.8,67.1
France,Eduardo Camavinga,94,22.3,13.0,44.8,2.7
France,Kylian Mbappé Lottin,95,79.4,4.6,95.5,21.5
France,Kylian Mbappé Lottin,95,110.9,23.5,113.4,23.9
Argentina,Nahuel Molina Lucero,95,24.0,71.2,43.9,76.1
Argentina,Rodrigo Javier De Paul,95,43.7,76.1,39.4,60.3
Argentina,Enzo Fernandez,95,44.1,59.0,52.7,66.3
Argentina,Lionel Andrés Messi Cuccittini,95,83.0,51.3,102.9,13.6
Argentina,Marcos Javier Acuña,95,99.9,25.8,111.5,20.9
Argentina,Nicolás Alejandro Tagliafico,95,111.5,20.9,108.3,30.3
France,Aurélien Djani Tchouaméni,95,31.5,53.0,49.7,71.8
France,Jules Koundé,96,55.9,73.3,45.2,61.1
France,Raphaël Varane,96,45.6,55.3,46.9,49.6
France,Aurélien Djani Tchouaméni,96,48.4,41.2,24.2,34.6
France,Hugo Lloris,96,26.6,31.8,79.6,16.8
France,Marcus Thuram,96,79.6,16.8,89.9,38.2
Argentina,Nicolás Hernán Otamendi,96,30.2,41.9,37.3,50.0
Argentina,Enzo Fernandez,96,37.3,50.0,47.5,37.0
Argentina,Alexis Mac Allister,96,52.0,34.8,69.3,12.8
Argentina,Marcos Javier Acuña,96,70.2,12.8,95.4,9.2
Argentina,Julián Álvarez,96,95.4,8.1,89.5,31.0
Argentina,Rodrigo Javier De Paul,96,89.5,31.0,92.0,54.7
Argentina,Lionel Andrés Messi Cuccittini,97,120.0,0.1,113.4,35.9
France,Raphaël Varane,97,24.4,52.3,42.0,36.1
France,Aurélien Djani Tchouaméni,97,48.6,49.1,55.0,34.2
France,Adrien Rabiot,97,66.4,11.1,64.2,28.0
France,Aurélien Djani Tchouaméni,98,62.7,33.5,65.9,58.1
France,Jules Koundé,98,73.4,63.0,84.3,74.4
France,Kingsley Coman,98,116.2,66.7,115.4,55.5
Argentina,Alexis Mac Allister,98,6.7,19.6,20.6,31.2
Argentina,Enzo Fernandez,98,21.0,28.8,34.5,30.3
Argentina,Lionel Andrés Messi Cuccittini,98,30.4,27.5,79.4,11.3
Argentina,Julián Álvarez,98,110.6,23.3,99.5,33.5
Argentina,Lionel Andrés Messi Cuccittini,98,101.4,35.2,102.9,47.9
Argentina,Rodrigo Javier De Paul,98,102.9,47.7,105.1,36.5
France,Aurélien Djani Tchouaméni,98,15.0,43.6,23.8,47.8
France,Randal Kolo Muani,90,61.0,40.1,51.6,43.2
France,Aurélien Djani Tchouaméni,90,52.0,42.5,49.7,30.3
France,Adrien Rabiot,90,51.6,19.8,52.2,8.5
France,Eduardo Camavinga,90,52.0,9.2,39.2,20.1
France,Dayotchanculle Upamecano,90,44.5,23.1,39.2,59.0
France,Jules Koundé,90,39.4,60.1,77.9,74.8
Argentina,Nicolás Alejandro Tagliafico,90,42.2,5.3,40.7,13.6
Argentina,Alexis Mac Allister,90,42.4,13.6,30.4,14.1
Argentina,Nicolás Hernán Otamendi,90,30.2,14.1,33.9,23.5
Argentina,Enzo Fernandez,90,36.0,25.6,44.6,19.2
Argentina,Alexis Mac Allister,90,64.0,16.2,76.6,23.2
Argentina,Cristian Gabriel Romero,90,36.2,45.1,62.7,33.7
France,Aurélien Djani Tchouaméni,90,57.4,46.4,81.3,40.2
Argentina,Cristian Gabriel Romero,90,38.8,39.9,45.6,37.4
Argentina,Enzo Fernandez,90,45.2,36.3,50.1,46.6
Argentina,Cristian Gabriel Romero,91,53.3,44.2,85.2,2.5
Argentina,Marcos Javier Acuña,91,77.3,4.6,55.0,14.9
Argentina,Nicolás Hernán Otamendi,91,52.7,16.6,44.3,47.0
Argentina,Cristian Gabriel Romero,91,42.6,50.2,74.7,74.6
Argentina,Gonzalo Ariel Montiel,91,84.6,73.3,75.8,71.8
Argentina,Lionel Andrés Messi Cuccittini,91,79.8,72.0,72.8,58.3
Argentina,Enzo Fernandez,91,71.5,53.4,68.5,66.0
Argentina,Gonzalo Ariel Montiel,91,71.1,67.7,77.5,74.4
Argentina,Lionel Andrés Messi Cuccittini,91,78.3,73.9,90.3,74.8
Argentina,Rodrigo Javier De Paul,91,86.9,72.9,78.8,59.8
Argentina,Enzo Fernandez,91,83.9,54.5,94.6,4.6
Argentina,Marcos Javier Acuña,92,101.4,4.2,110.9,37.2
France,Hugo Lloris,92,7.0,44.1,85.4,75.7
Argentina,Nicolás Alejandro Tagliafico,92,34.7,4.4,43.9,17.9
Argentina,Alexis Mac Allister,92,40.5,14.7,48.4,9.6
Argentina,Marcos Javier Acuña,92,49.0,8.9,51.2,20.7
Argentina,Alexis Mac Allister,92,59.3,19.0,55.9,41.0
Argentina,Rodrigo Javier De Paul,92,74.3,37.4,84.3,54.7
France,Eduardo Camavinga,93,22.7,14.5,25.5,66.0
France,Jules Koundé,93,29.6,66.0,27.0,49.2
France,Raphaël Varane,93,27.8,47.2,38.8,30.8
France,Adrien Rabiot,93,45.2,35.0,34.7,48.7
France,Raphaël Varane,93,45.8,52.8,52.0,74.8
France,Jules Koundé,93,52.0,74.8,45.2,65.0
France,Aurélien Djani Tchouaméni,93,44.7,65.0,48.2,76.7
France,Jules Koundé,93,47.7,77.8,11.6,54.1
France,Hugo Lloris,93,12.2,50.2,80.5,31.2
France,Marcus Thuram,93,80.5,31.2,94.6,35.5
Argentina,Nicolás Hernán Otamendi,93,25.5,44.6,37.9,48.5
Argentina,Cristian Gabriel Romero,93,38.3,51.7,67.0,54.7
France,Dayotchanculle Upamecano,93,50.1,24.1,59.7,17.7
France,Aurélien Djani Tchouaméni,93,62.5,18.8,63.4,8.1
France,Eduardo Camavinga,93,67.2,7.2,48.8,17.7
France,Dayotchanculle Upamecano,93,49.0,20.1,54.4,25.6
France,Adrien Rabiot,94,73.0,60.9,86.2,53.4
Argentina,Cristian Gabriel Romero,94,25.3,32.4,37.5,50.0
Argentina,Enzo Fernandez,94,36.6,54.1,52.3,36.5
Argentina,Julián Álvarez,94,51.6,34.8,47.1,15.3
Argentina,Marcos Javier Acuña,94,46.3,16.2,33.4,24.5
Argentina,Nicolás Hernán Otamendi,94,35.1,20.0,45.0,16.0
Argentina,Marcos Javier Acuña,94,48.4,15.8,13.3,34.6
Argentina,Damián Emiliano Martínez,94,11.6,32.4,74.3,7.4
France,Raphaël Varane,95,46.5,74.2,43.9,20.7
France,Eduardo Camavinga,95,46.7,13.0,55.4,21.3
France,Youssouf Fofana,95,55.9,21.6,54.8,11.7
France,Eduardo Camavinga,95,55.0,11.5,76.4,6.2
France,Marcus Thuram,95,76.0,7.0,70.2,12.6
France,Aurélien Djani Tchouaméni,95,69.3,27.8,74.7,14.7
France,Youssouf Fofana,95,75.5,13.2,68.9,31.0
France,Aurélien Djani Tchouaméni,95,64.2,44.7,61.2,68.0
France,Jules Koundé,95,63.4,67.5,56.9,51.5
France,Raphaël Varane,95,56.9,49.8,63.8,46.6
France,Youssouf Fofana,95,57.8,45.7,55.2,33.1
France,Dayotchanculle Upamecano,95,56.9,31.2,60.4,10.6
France,Eduardo Camavinga,95,61.0,10.0,54.6,18.6
France,Dayotchanculle Upamecano,95,57.2,22.2,89.7,19.8
Argentina,Nicolás Hernán Otamendi,96,30.2,62.6,41.6,32.2
Argentina,Enzo Fernandez,96,44.6,44.9,48.6,57.0
Argentina,Rodrigo Javier De Paul,96,47.1,54.9,42.0,27.7
Argentina,Nicolás Hernán Otamendi,96,40.7,25.2,49.5,10.0
Argentina,Nicolás Alejandro Tagliafico,96,47.5,8.7,39.0,18.1
Argentina,Nicolás Hernán Otamendi,96,38.8,20.7,41.8,29.2
Argentina,Enzo Fernandez,96,39.8,35.7,53.7,42.3
Argentina,Rodrigo Javier De Paul,96,54.8,42.1,73.0,47.0
Argentina,Lionel Andrés Messi Cuccittini,96,73.6,46.8,78.8,30.1
Argentina,Alexis Mac Allister,96,80.5,29.2,100.4,4.9
Argentina,Marcos Javier Acuña,96,114.7,4.2,109.6,42.5
Argentina,Rodrigo Javier De Paul,97,100.0,57.5,119.8,19.8
France,Hugo Lloris,97,7.0,36.1,85.4,50.6
Argentina,Nicolás Hernán Otamendi,97,34.7,29.5,46.0,13.2
France,Kingsley Coman,97,92.2,72.5,107.6,45.3
Argentina,Damián Emiliano Martínez,98,10.8,30.7,19.7,23.2
Argentina,Nicolás Hernán Otamendi,98,20.8,23.2,20.6,52.1
Argentina,Cristian Gabriel Romero,98,20.6,52.3,34.3,52.1
Argentina,Enzo Fernandez,98,35.8,62.2,43.7,75.2
Argentina,Gonzalo Ariel Montiel,98,43.7,75.2,35.1,70.5
Argentina,Enzo Fernandez,98,21.0,48.9,25.3,46.6
Argentina,Alexis Mac Allister,98,25.3,47.6,34.1,73.1
Argentina,Rodrigo Javier De Paul,98,39.4,75.2,65.5,75.7
France,Eduardo Camavinga,98,50.7,7.9,64.0,19.4
France,Aurélien Djani Tchouaméni,98,65.1,20.3,88.0,24.3
Argentina,Julián Álvarez,98,18.9,54.3,5.0,69.5
Argentina,Rodrigo Javier De Paul,99,5.0,69.5,21.5,74.4
Argentina,Gonzalo Ariel Montiel,99,7.3,75.4,9.7,75.0
France,Kingsley Coman,99,111.1,6.2,108.1,37.4
France,Kingsley Coman,100,120.0,0.1,115.5,28.4
France,Youssouf Fofana,100,88.4,50.0,94.6,72.3
France,Jules Koundé,100,97.4,72.3,106.6,40.2
Argentina,Damián Emiliano Martínez,101,13.1,40.8,22.9,54.3
Argentina,Cristian Gabriel Romero,101,24.4,60.5,55.2,73.9
Argentina,Gonzalo Ariel Montiel,101,67.2,75.0,68.3,70.9
France,Marcus Thuram,101,50.5,10.6,73.2,7.4
Argentina,Enzo Fernandez,102,51.6,68.0,45.2,60.9
Argentina,Cristian Gabriel Romero,102,44.6,58.3,38.8,28.8
Argentina,Nicolás Hernán Otamendi,102,38.6,28.2,36.0,50.4
Argentina,Cristian Gabriel Romero,102,36.2,55.3,41.6,71.4
Argentina,Enzo Fernandez,102,40.1,71.6,54.2,74.2
Argentina,Gonzalo Ariel Montiel,102,54.4,73.7,65.1,66.5
France,Youssouf Fofana,102,55.0,23.9,105.9,44.9
Argentina,Damián Emiliano Martínez,102,12.9,34.6,23.6,25.2
Argentina,Nicolás Hernán Otamendi,102,24.7,26.7,22.3,44.2
Argentina,Leandro Daniel Paredes,102,37.7,46.1,39.6,70.7
Argentina,Cristian Gabriel Romero,103,50.8,66.5,92.9,23.2
France,Jules Koundé,103,27.2,56.9,41.8,58.6
Argentina,Alexis Mac Allister,103,75.8,9.6,55.0,19.2
Argentina,Leandro Daniel Paredes,103,51.2,22.4,65.7,37.4
Argentina,Enzo Fernandez,103,65.3,37.4,66.8,30.5
Argentina,Alexis Mac Allister,103,70.4,31.2,71.7,38.9
Argentina,Enzo Fernandez,103,67.7,43.4,58.9,32.9
Argentina,Leandro Daniel Paredes,103,64.9,35.2,90.1,21.8
Argentina,Marcos Javier Acuña,103,108.1,20.7,119.8,44.2
France,Hugo Lloris,104,7.0,36.1,68.3,31.6
Argentina,Alexis Mac Allister,104,51.8,48.5,68.1,49.1
Argentina,Lautaro Javier Martínez,104,74.3,47.8,73.0,58.5
Argentina,Enzo Fernandez,104,77.9,54.7,80.1,40.6
Argentina,Alexis Mac Allister,104,80.5,40.4,86.5,25.4
Argentina,Marcos Javier Acuña,104,86.5,25.4,74.9,24.1
Argentina,Nicolás Alejandro Tagliafico,104,75.1,23.9,81.6,30.5
Argentina,Alexis Mac Allister,104,80.9,34.6,83.7,44.0
Argentina,Lionel Andrés Messi Cuccittini,104,86.0,34.4,97.0,45.3
Argentina,Alexis Mac Allister,104,97.0,45.3,101.0,38.2
Argentina,Lionel Andrés Messi Cuccittini,104,103.4,37.6,107.9,47.8
Argentina,Lionel Andrés Messi Cuccittini,105,120.0,0.1,102.5,70.1
France,Aurélien Djani Tchouaméni,105,28.5,0.1,23.1,8.7
France,Eduardo Camavinga,105,24.2,7.7,17.4,17.3
France,Dayotchanculle Upamecano,105,14.4,18.3,19.5,39.7
France,Raphaël Varane,105,19.3,40.0,33.8,35.0
France,Youssouf Fofana,105,35.1,41.0,39.0,66.5
France,Jules Koundé,105,41.1,77.8,54.8,76.1
Argentina,Marcos Javier Acuña,105,71.5,8.3,98.5,32.4
France,Hugo Lloris,106,7.0,36.1,36.4,25.4
France,Youssouf Fofana,106,40.5,25.0,37.9,13.6
Argentina,Lautaro Javier Martínez,105,61.0,40.1,49.5,39.3
Argentina,Leandro Daniel Paredes,105,51.8,42.7,45.4,68.8
Argentina,Gonzalo Ariel Montiel,105,50.3,64.6,42.4,50.0
Argentina,Leandro Daniel Paredes,105,44.7,30.8,50.9,21.6
Argentina,Nicolás Hernán Otamendi,105,55.7,18.1,77.7,4.9
Argentina,Nicolás Alejandro Tagliafico,105,81.8,3.6,89.2,7.0
France,Kingsley Coman,105,7.3,75.0,17.6,75.0
Argentina,Nicolás Alejandro Tagliafico,105,102.1,4.7,93.3,18.6
Argentina,Alexis Mac Allister,105,93.5,18.6,83.0,26.5
Argentina,Leandro Daniel Paredes,105,82.8,26.5,90.7,57.7
Argentina,Lionel Andrés Messi Cuccittini,105,92.9,60.1,111.5,66.3
Argentina,Gonzalo Ariel Montiel,105,111.5,66.3,120.0,30.1
France,Hugo Lloris,106,6.0,44.0,83.5,25.2
Argentina,Cristian Gabriel Romero,106,36.6,54.9,42.8,72.5
Argentina,Gonzalo Ariel Montiel,106,43.2,74.4,43.9,63.5
Argentina,Leandro Daniel Paredes,106,44.1,56.0,46.0,22.0
Argentina,Nicolás Alejandro Tagliafico,106,42.6,15.1,34.3,18.1
Argentina,Nicolás Hernán Otamendi,106,33.2,23.9,32.8,56.9
Argentina,Cristian Gabriel Romero,106,32.3,61.8,45.6,76.1
Argentina,Enzo Fernandez,106,50.1,73.5,110.0,60.3
Argentina,Gonzalo Ariel Montiel,106,111.7,80.0,103.6,55.8
France,Hugo Lloris,107,6.0,44.0,68.3,47.8
Argentina,Lautaro Javier Martínez,107,51.8,32.3,64.4,41.7
France,Dayotchanculle Upamecano,107,55.7,38.4,66.4,38.2
France,Aurélien Djani Tchouaméni,107,66.4,38.2,77.3,36.7
Argentina,Leandro Daniel Paredes,107,43.2,46.2,63.1,70.8
Argentina,Gonzalo Ariel Montiel,107,64.2,74.0,94.2,56.4
Argentina,Lautaro Javier Martínez,107,94.2,56.4,91.2,58.8
Argentina,Lionel Andrés Messi Cuccittini,107,91.2,58.8,95.4,49.4
Argentina,Enzo Fernandez,107,95.4,49.4,109.3,56.9
France,Aurélien Djani Tchouaméni,109,60.0,40.0,48.6,52.1
France,Jules Koundé,110,54.4,71.6,45.4,54.9
France,Raphaël Varane,110,43.7,53.2,15.9,42.7
France,Hugo Lloris,110,21.0,27.7,119.8,14.7
Argentina,Damián Emiliano Martínez,110,7.0,44.1,74.7,71.8
France,Marcus Thuram,110,45.4,8.3,36.4,21.8
France,Raphaël Varane,110,37.5,21.5,76.6,4.0
France,Marcus Thuram,111,76.6,4.0,101.0,6.6
France,Randal Kolo Muani,111,90.8,17.0,86.3,8.7
Argentina,Cristian Gabriel Romero,111,13.3,64.8,85.8,38.9
France,Raphaël Varane,111,34.3,41.2,36.6,24.7
France,Dayotchanculle Upamecano,111,34.9,22.8,17.6,36.9
France,Hugo Lloris,111,17.6,36.9,43.5,3.6
France,Eduardo Camavinga,111,46.3,6.6,56.7,26.7
Argentina,Leandro Daniel Paredes,111,41.8,48.5,34.7,43.4
Argentina,Nicolás Hernán Otamendi,111,34.5,43.2,43.9,43.2
Argentina,Alexis Mac Allister,111,53.7,47.2,50.9,58.8
Argentina,Enzo Fernandez,111,49.7,57.9,73.2,6.4
Argentina,Marcos Javier Acuña,111,75.3,5.7,83.7,20.1
France,Raphaël Varane,111,3.3,68.6,5.6,79.3
Argentina,Marcos Javier Acuña,112,115.8,0.1,115.8,9.6
Argentina,Lautaro Javier Martínez,112,118.5,4.0,116.8,6.6
Argentina,Marcos Javier Acuña,112,114.9,0.1,116.0,10.9
Argentina,Lautaro Javier Martínez,112,114.1,9.2,116.0,4.7
France,Hugo Lloris,113,6.0,44.0,14.0,22.2
France,Kingsley Coman,114,77.9,13.8,104.2,53.0
France,Youssouf Fofana,114,86.3,49.6,87.1,69.7
France,Jules Koundé,114,89.7,69.7,81.8,60.0
France,Youssouf Fofana,114,70.2,51.3,72.6,64.3
France,Jules Koundé,114,72.8,64.3,105.7,63.2
France,Ibrahima Konaté,114,116.0,68.0,115.8,64.3
France,Kingsley Coman,115,120.0,80.0,108.1,37.2
Argentina,Enzo Fernandez,118,61.0,40.1,50.7,44.9
Argentina,Leandro Daniel Paredes,118,50.7,44.9,56.5,52.8
Argentina,Enzo Fernandez,118,63.1,62.8,94.2,71.4
Argentina,Gonzalo Ariel Montiel,118,102.7,70.5,98.9,53.4
France,Youssouf Fofana,118,26.6,19.0,47.1,26.7
Argentina,Leandro Daniel Paredes,118,73.8,54.9,82.6,59.0
Argentina,Enzo Fernandez,118,82.6,59.0,82.0,74.0
Argentina,Leandro Daniel Paredes,118,75.8,72.9,83.7,66.0
Argentina,Lautaro Javier Martínez,118,87.7,33.5,79.4,43.6
Argentina,Enzo Fernandez,118,79.2,43.6,94.6,21.1
Argentina,Marcos Javier Acuña,118,106.4,8.3,108.9,12.8
Argentina,Lionel Andrés Messi Cuccittini,119,120.0,0.1,112.3,40.0
Argentina,Enzo Fernandez,119,83.2,80.0,96.3,76.3
France,Eduardo Camavinga,119,12.3,3.4,15.9,6.1
France,Marcus Thuram,119,15.9,6.1,27.9,17.0
France,Youssouf Fofana,119,63.8,12.3,78.1,4.2
France,Kylian Mbappé Lottin,119,79.0,4.2,120.0,47.6
Argentina,Damián Emiliano Martínez,121,7.0,44.1,79.8,6.4
Argentina,Paulo Bruno Exequiel Dybala,121,76.2,8.5,94.6,5.3
Argentina,Marcos Javier Acuña,121,99.1,0.1,74.7,11.3
Argentina,Nicolás Hernán Otamendi,121,71.7,16.0,53.3,30.5
Argentina,Germán Alejandro Pezzella,121,53.3,31.0,64.2,16.4
Argentina,Nicolás Hernán Otamendi,121,64.2,16.4,78.1,5.3
Argentina,Marcos Javier Acuña,121,78.1,7.0,62.5,7.9
Argentina,Nicolás Hernán Otamendi,121,56.1,3.6,66.8,7.4
France,Kingsley Coman,121,53.3,72.7,64.4,73.7
Argentina,Nicolás Hernán Otamendi,121,55.7,6.4,54.6,15.6
Argentina,Leandro Daniel Paredes,121,52.4,17.3,57.6,13.9
Argentina,Marcos Javier Acuña,121,52.7,5.1,79.2,9.6
Argentina,Paulo Bruno Exequiel Dybala,121,79.2,10.0,87.7,20.5
France,Kingsley Coman,121,57.4,75.9,67.7,63.0
Argentina,Leandro Daniel Paredes,121,52.4,17.1,64.2,27.5
Argentina,Enzo Fernandez,121,64.2,27.8,74.1,34.6
Argentina,Lionel Andrés Messi Cuccittini,121,74.1,34.6,92.2,29.9
France,Hugo Lloris,122,22.7,50.8,85.0,53.2
Argentina,Nicolás Hernán Otamendi,122,35.1,26.9,58.4,36.7
France,Ibrahima Konaté,122,62.7,42.7,103.7,45.1
Argentina,Nicolás Hernán Otamendi,122,22.5,34.2,48.8,47.2
Argentina,Paulo Bruno Exequiel Dybala,122,44.3,48.3,42.8,54.1
Argentina,Enzo Fernandez,122,42.8,54.1,58.0,62.4
Argentina,Lionel Andrés Messi Cuccittini,122,66.8,62.6,104.9,62.6
Argentina,Gonzalo Ariel Montiel,122,109.3,61.6,110.8,41.6
France,Hugo Lloris,123,6.0,36.0,73.6,60.0
Argentina,Marcos Javier Acuña,123,46.5,20.1,62.5,25.8
Argentina,Leandro Daniel Paredes,123,47.1,27.3,56.1,22.0
France,Aurélien Djani Tchouaméni,123,63.4,36.1,115.8,8.5
